name,workload,kind,block_size,link_width,pins,charged_storage_bits,offered,accepted,overrun,delivered,blocks,raw_blocks,link_bits,link_cycles,bits_per_event,events_per_pin_cycle,average_latency,max_latency,drain_cycle
core_simultaneous_identity,basic_simultaneous,raw,4,1,3,74,16,16,0,16,4,4,64,68,4.0,0.0784313725490196,47.0,74,256
core_simultaneous_identity,basic_simultaneous,codec,4,1,3,74,16,16,0,16,4,4,64,68,4.0,0.0784313725490196,47.0,74,256
core_simultaneous_identity,basic_simultaneous,raw,4,2,5,74,16,16,0,16,4,4,64,36,4.0,0.08888888888888889,27.0,42,256
core_simultaneous_identity,basic_simultaneous,codec,4,2,5,74,16,16,0,16,4,4,64,36,4.0,0.08888888888888889,27.0,42,256
core_simultaneous_identity,basic_simultaneous,raw,4,4,8,74,16,16,0,16,4,4,64,20,4.0,0.1,17.0,26,256
core_simultaneous_identity,basic_simultaneous,codec,4,4,8,74,16,16,0,16,4,4,64,20,4.0,0.1,17.0,26,256
core_simultaneous_identity,basic_simultaneous,raw,8,1,3,138,16,16,0,16,2,2,64,66,4.0,0.08080808080808081,60.0,80,256
core_simultaneous_identity,basic_simultaneous,codec,8,1,3,138,16,16,0,16,2,1,61,63,3.8125,0.08465608465608465,58.5,77,256
core_simultaneous_identity,basic_simultaneous,raw,8,2,5,138,16,16,0,16,2,2,64,34,4.0,0.09411764705882353,36.0,48,256
core_simultaneous_identity,basic_simultaneous,codec,8,2,5,138,16,16,0,16,2,1,61,33,3.8125,0.09696969696969697,35.5,47,256
core_simultaneous_identity,basic_simultaneous,raw,8,4,8,138,16,16,0,16,2,2,64,18,4.0,0.1111111111111111,24.0,32,256
core_simultaneous_identity,basic_simultaneous,codec,8,4,8,138,16,16,0,16,2,1,61,18,3.8125,0.1111111111111111,24.0,32,256
core_simultaneous_identity,basic_simultaneous,raw,16,1,3,266,16,16,0,16,1,1,64,65,4.0,0.08205128205128205,87.5,95,256
core_simultaneous_identity,basic_simultaneous,codec,16,1,3,266,16,16,0,16,1,0,57,58,3.5625,0.09195402298850575,80.5,88,256
core_simultaneous_identity,basic_simultaneous,raw,16,2,5,266,16,16,0,16,1,1,64,33,4.0,0.09696969696969697,55.5,63,256
core_simultaneous_identity,basic_simultaneous,codec,16,2,5,266,16,16,0,16,1,0,57,30,3.5625,0.10666666666666667,52.5,60,256
core_simultaneous_identity,basic_simultaneous,raw,16,4,8,266,16,16,0,16,1,1,64,17,4.0,0.11764705882352941,39.5,47,256
core_simultaneous_identity,basic_simultaneous,codec,16,4,8,266,16,16,0,16,1,0,57,16,3.5625,0.125,38.5,46,256
core_simultaneous_identity,basic_simultaneous,raw,32,1,3,522,16,16,0,16,1,1,64,65,4.0,0.08205128205128205,119.5,127,256
core_simultaneous_identity,basic_simultaneous,codec,32,1,3,522,16,16,0,16,1,0,57,58,3.5625,0.09195402298850575,112.5,120,256
core_simultaneous_identity,basic_simultaneous,raw,32,2,5,522,16,16,0,16,1,1,64,33,4.0,0.09696969696969697,87.5,95,256
core_simultaneous_identity,basic_simultaneous,codec,32,2,5,522,16,16,0,16,1,0,57,30,3.5625,0.10666666666666667,84.5,92,256
core_simultaneous_identity,basic_simultaneous,raw,32,4,8,522,16,16,0,16,1,1,64,17,4.0,0.11764705882352941,71.5,79,256
core_simultaneous_identity,basic_simultaneous,codec,32,4,8,522,16,16,0,16,1,0,57,16,3.5625,0.125,70.5,78,256
core_sparse_identity,basic_sparse,raw,4,1,3,74,16,16,0,16,16,16,64,80,4.0,0.06666666666666667,9.0,9,512
core_sparse_identity,basic_sparse,codec,4,1,3,74,16,16,0,16,16,16,64,80,4.0,0.06666666666666667,9.0,9,512
core_sparse_identity,basic_sparse,raw,4,2,5,74,16,16,0,16,16,16,64,48,4.0,0.06666666666666667,7.0,7,512
core_sparse_identity,basic_sparse,codec,4,2,5,74,16,16,0,16,16,16,64,48,4.0,0.06666666666666667,7.0,7,512
core_sparse_identity,basic_sparse,raw,4,4,8,74,16,16,0,16,16,16,64,32,4.0,0.0625,6.0,6,512
core_sparse_identity,basic_sparse,codec,4,4,8,74,16,16,0,16,16,16,64,32,4.0,0.0625,6.0,6,512
core_sparse_identity,basic_sparse,raw,8,1,3,138,16,16,0,16,16,16,64,80,4.0,0.06666666666666667,13.0,13,512
core_sparse_identity,basic_sparse,codec,8,1,3,138,16,16,0,16,16,16,64,80,4.0,0.06666666666666667,13.0,13,512
core_sparse_identity,basic_sparse,raw,8,2,5,138,16,16,0,16,16,16,64,48,4.0,0.06666666666666667,11.0,11,512
core_sparse_identity,basic_sparse,codec,8,2,5,138,16,16,0,16,16,16,64,48,4.0,0.06666666666666667,11.0,11,512
core_sparse_identity,basic_sparse,raw,8,4,8,138,16,16,0,16,16,16,64,32,4.0,0.0625,10.0,10,512
core_sparse_identity,basic_sparse,codec,8,4,8,138,16,16,0,16,16,16,64,32,4.0,0.0625,10.0,10,512
core_sparse_identity,basic_sparse,raw,16,1,3,266,16,16,0,16,16,16,64,80,4.0,0.06666666666666667,21.0,21,512
core_sparse_identity,basic_sparse,codec,16,1,3,266,16,16,0,16,16,16,64,80,4.0,0.06666666666666667,21.0,21,512
core_sparse_identity,basic_sparse,raw,16,2,5,266,16,16,0,16,16,16,64,48,4.0,0.06666666666666667,19.0,19,512
core_sparse_identity,basic_sparse,codec,16,2,5,266,16,16,0,16,16,16,64,48,4.0,0.06666666666666667,19.0,19,512
core_sparse_identity,basic_sparse,raw,16,4,8,266,16,16,0,16,16,16,64,32,4.0,0.0625,18.0,18,512
core_sparse_identity,basic_sparse,codec,16,4,8,266,16,16,0,16,16,16,64,32,4.0,0.0625,18.0,18,512
core_sparse_identity,basic_sparse,raw,32,1,3,522,16,16,0,16,1,1,64,65,4.0,0.08205128205128205,329.0,547,592
core_sparse_identity,basic_sparse,codec,32,1,3,522,16,16,0,16,1,0,57,58,3.5625,0.09195402298850575,322.0,540,585
core_sparse_identity,basic_sparse,raw,32,2,5,522,16,16,0,16,1,1,64,33,4.0,0.09696969696969697,297.0,515,560
core_sparse_identity,basic_sparse,codec,32,2,5,522,16,16,0,16,1,0,57,30,3.5625,0.10666666666666667,294.0,512,557
core_sparse_identity,basic_sparse,raw,32,4,8,522,16,16,0,16,1,1,64,17,4.0,0.11764705882352941,281.0,499,544
core_sparse_identity,basic_sparse,codec,32,4,8,522,16,16,0,16,1,0,57,16,3.5625,0.125,280.0,498,543
core_sparse_rotate180,basic_sparse,raw,4,1,3,74,16,16,0,16,16,16,64,80,4.0,0.06666666666666667,9.0,9,512
core_sparse_rotate180,basic_sparse,codec,4,1,3,74,16,16,0,16,16,16,64,80,4.0,0.06666666666666667,9.0,9,512
core_sparse_rotate180,basic_sparse,raw,4,2,5,74,16,16,0,16,16,16,64,48,4.0,0.06666666666666667,7.0,7,512
core_sparse_rotate180,basic_sparse,codec,4,2,5,74,16,16,0,16,16,16,64,48,4.0,0.06666666666666667,7.0,7,512
core_sparse_rotate180,basic_sparse,raw,4,4,8,74,16,16,0,16,16,16,64,32,4.0,0.0625,6.0,6,512
core_sparse_rotate180,basic_sparse,codec,4,4,8,74,16,16,0,16,16,16,64,32,4.0,0.0625,6.0,6,512
core_sparse_rotate180,basic_sparse,raw,8,1,3,138,16,16,0,16,16,16,64,80,4.0,0.06666666666666667,13.0,13,512
core_sparse_rotate180,basic_sparse,codec,8,1,3,138,16,16,0,16,16,16,64,80,4.0,0.06666666666666667,13.0,13,512
core_sparse_rotate180,basic_sparse,raw,8,2,5,138,16,16,0,16,16,16,64,48,4.0,0.06666666666666667,11.0,11,512
core_sparse_rotate180,basic_sparse,codec,8,2,5,138,16,16,0,16,16,16,64,48,4.0,0.06666666666666667,11.0,11,512
core_sparse_rotate180,basic_sparse,raw,8,4,8,138,16,16,0,16,16,16,64,32,4.0,0.0625,10.0,10,512
core_sparse_rotate180,basic_sparse,codec,8,4,8,138,16,16,0,16,16,16,64,32,4.0,0.0625,10.0,10,512
core_sparse_rotate180,basic_sparse,raw,16,1,3,266,16,16,0,16,16,16,64,80,4.0,0.06666666666666667,21.0,21,512
core_sparse_rotate180,basic_sparse,codec,16,1,3,266,16,16,0,16,16,16,64,80,4.0,0.06666666666666667,21.0,21,512
core_sparse_rotate180,basic_sparse,raw,16,2,5,266,16,16,0,16,16,16,64,48,4.0,0.06666666666666667,19.0,19,512
core_sparse_rotate180,basic_sparse,codec,16,2,5,266,16,16,0,16,16,16,64,48,4.0,0.06666666666666667,19.0,19,512
core_sparse_rotate180,basic_sparse,raw,16,4,8,266,16,16,0,16,16,16,64,32,4.0,0.0625,18.0,18,512
core_sparse_rotate180,basic_sparse,codec,16,4,8,266,16,16,0,16,16,16,64,32,4.0,0.0625,18.0,18,512
core_sparse_rotate180,basic_sparse,raw,32,1,3,522,16,16,0,16,1,1,64,65,4.0,0.08205128205128205,329.0,547,592
core_sparse_rotate180,basic_sparse,codec,32,1,3,522,16,16,0,16,1,0,57,58,3.5625,0.09195402298850575,322.0,540,585
core_sparse_rotate180,basic_sparse,raw,32,2,5,522,16,16,0,16,1,1,64,33,4.0,0.09696969696969697,297.0,515,560
core_sparse_rotate180,basic_sparse,codec,32,2,5,522,16,16,0,16,1,0,57,30,3.5625,0.10666666666666667,294.0,512,557
core_sparse_rotate180,basic_sparse,raw,32,4,8,522,16,16,0,16,1,1,64,17,4.0,0.11764705882352941,281.0,499,544
core_sparse_rotate180,basic_sparse,codec,32,4,8,522,16,16,0,16,1,0,57,16,3.5625,0.125,280.0,498,543
elephant_mouse_affine,elephant_mouse,raw,4,1,3,74,1827,489,1338,489,123,123,1956,2079,4.0,0.0784030784030784,44.61349693251534,81,2082
elephant_mouse_affine,elephant_mouse,codec,4,1,3,74,1827,495,1332,495,124,119,1953,2077,3.9454545454545453,0.07944150216658642,43.173737373737374,81,2082
elephant_mouse_affine,elephant_mouse,raw,4,2,5,74,1827,914,913,914,229,229,3656,2057,4.0,0.08886728245017016,20.283369803063458,33,2061
elephant_mouse_affine,elephant_mouse,codec,4,2,5,74,1827,974,853,974,244,184,3572,2060,3.6673511293634498,0.0945631067961165,18.745379876796715,28,2064
elephant_mouse_affine,elephant_mouse,raw,4,4,8,74,1827,1634,193,1634,409,409,6536,2043,4.0,0.09997552618697993,9.95593635250918,13,2057
elephant_mouse_affine,elephant_mouse,codec,4,4,8,74,1827,1724,103,1724,432,220,5692,2014,3.3016241299303943,0.10700099304865938,8.955916473317865,13,2056
elephant_mouse_affine,elephant_mouse,raw,8,1,3,138,1827,509,1318,509,64,64,2036,2100,4.0,0.08079365079365079,76.54616895874263,124,2111
elephant_mouse_affine,elephant_mouse,codec,8,1,3,138,1827,517,1310,517,65,62,2031,2096,3.9284332688588006,0.08222010178117048,75.50290135396519,125,2107
elephant_mouse_affine,elephant_mouse,raw,8,2,5,138,1827,971,856,971,122,122,3884,2064,4.0,0.0940891472868217,35.92584963954686,48,2074
elephant_mouse_affine,elephant_mouse,codec,8,2,5,138,1827,1058,769,1058,133,84,3805,2060,3.59640831758034,0.10271844660194175,32.763705103969755,47,2073
elephant_mouse_affine,elephant_mouse,raw,8,4,8,138,1827,1789,38,1789,224,224,7156,2013,4.0,0.11109041231992052,17.288988261598657,22,2064
elephant_mouse_affine,elephant_mouse,codec,8,4,8,138,1827,1821,6,1821,228,80,5688,1761,3.1235584843492585,0.12925894378194208,15.922020867655135,21,2063
elephant_mouse_affine,elephant_mouse,raw,16,1,3,266,1827,528,1299,528,33,33,2112,2145,4.0,0.08205128205128205,143.63257575757575,189,2177
elephant_mouse_affine,elephant_mouse,codec,16,1,3,266,1827,549,1278,549,35,27,2104,2139,3.832422586520947,0.08555399719495091,136.89981785063753,190,2160
elephant_mouse_affine,elephant_mouse,raw,16,2,5,266,1827,1009,818,1009,64,64,4036,2082,4.0,0.09692603266090298,68.05649157581765,88,2112
elephant_mouse_affine,elephant_mouse,codec,16,2,5,266,1827,1093,734,1093,69,34,3939,2056,3.6038426349496797,0.10632295719844358,61.78774016468436,88,2090
elephant_mouse_affine,elephant_mouse,raw,16,4,8,266,1827,1824,3,1824,114,114,7296,1938,4.0,0.11764705882352941,33.15899122807018,38,2080
elephant_mouse_affine,elephant_mouse,codec,16,4,8,266,1827,1827,0,1827,115,25,5586,1579,3.057471264367816,0.14463267891070297,31.21401204159825,37,2079
elephant_mouse_affine,elephant_mouse,raw,32,1,3,522,1827,550,1277,550,18,18,2200,2218,4.0,0.0826570483919447,272.28545454545457,367,2265
elephant_mouse_affine,elephant_mouse,codec,32,1,3,522,1827,605,1222,605,19,7,2200,2219,3.6363636363636362,0.09088177857893946,245.79338842975207,367,2282
elephant_mouse_affine,elephant_mouse,raw,32,2,5,522,1827,1029,798,1029,33,33,4116,2091,4.0,0.09842180774748924,131.59475218658892,170,2151
elephant_mouse_affine,elephant_mouse,codec,32,2,5,522,1827,1185,642,1185,38,7,4075,2091,3.438818565400844,0.1133428981348637,113.38565400843882,167,2155
elephant_mouse_affine,elephant_mouse,raw,32,4,8,522,1827,1827,0,1827,58,58,7308,1885,4.0,0.12115384615384615,65.95511767925561,76,2111
elephant_mouse_affine,elephant_mouse,codec,32,4,8,522,1827,1827,0,1827,58,6,5668,1514,3.1023535851122057,0.15084214002642007,60.87848932676519,72,2102
elephant_mouse_identity,elephant_mouse,raw,4,1,3,74,1827,489,1338,489,123,123,1956,2079,4.0,0.0784030784030784,44.537832310838446,67,2082
elephant_mouse_identity,elephant_mouse,codec,4,1,3,74,1827,494,1333,494,124,119,1953,2077,3.9534412955465585,0.0792810142834216,44.01012145748988,78,2081
elephant_mouse_identity,elephant_mouse,raw,4,2,5,74,1827,914,913,914,229,229,3656,2057,4.0,0.08886728245017016,20.2472647702407,33,2061
elephant_mouse_identity,elephant_mouse,codec,4,2,5,74,1827,974,853,974,244,186,3570,2058,3.6652977412731005,0.0946550048590865,18.762833675564682,32,2062
elephant_mouse_identity,elephant_mouse,raw,4,4,8,74,1827,1634,193,1634,409,409,6536,2043,4.0,0.09997552618697993,9.943696450428396,13,2057
elephant_mouse_identity,elephant_mouse,codec,4,4,8,74,1827,1714,113,1714,430,229,5717,2010,3.335472578763127,0.10659203980099502,9.056009334889149,12,2056
elephant_mouse_identity,elephant_mouse,raw,8,1,3,138,1827,509,1318,509,64,64,2036,2100,4.0,0.08079365079365079,76.67190569744598,124,2111
elephant_mouse_identity,elephant_mouse,codec,8,1,3,138,1827,517,1310,517,65,61,2036,2101,3.9381044487427466,0.08202443280977312,75.29593810444874,125,2112
elephant_mouse_identity,elephant_mouse,raw,8,2,5,138,1827,971,856,971,122,122,3884,2064,4.0,0.0940891472868217,35.89701338825952,47,2074
elephant_mouse_identity,elephant_mouse,codec,8,2,5,138,1827,1037,790,1037,130,81,3813,2061,3.6769527483124396,0.10063076176613295,33.38958534233365,47,2074
elephant_mouse_identity,elephant_mouse,raw,8,4,8,138,1827,1789,38,1789,224,224,7156,2013,4.0,0.11109041231992052,17.289547233091113,22,2064
elephant_mouse_identity,elephant_mouse,codec,8,4,8,138,1827,1817,10,1817,228,90,5830,1789,3.2085855806274077,0.1269564002235886,16.065492570170612,20,2063
elephant_mouse_identity,elephant_mouse,raw,16,1,3,266,1827,528,1299,528,33,33,2112,2145,4.0,0.08205128205128205,143.69507575757575,189,2177
elephant_mouse_identity,elephant_mouse,codec,16,1,3,266,1827,541,1286,541,34,24,2102,2136,3.88539741219963,0.08442571785268414,140.04805914972275,188,2165
elephant_mouse_identity,elephant_mouse,raw,16,2,5,266,1827,1009,818,1009,64,64,4036,2082,4.0,0.09692603266090298,67.97918731417245,88,2112
elephant_mouse_identity,elephant_mouse,codec,16,2,5,266,1827,1093,734,1093,69,34,3931,2052,3.596523330283623,0.10653021442495127,61.80420860018298,87,2088
elephant_mouse_identity,elephant_mouse,raw,16,4,8,266,1827,1824,3,1824,114,114,7296,1938,4.0,0.11764705882352941,33.15899122807018,38,2080
elephant_mouse_identity,elephant_mouse,codec,16,4,8,266,1827,1826,1,1826,115,26,5701,1607,3.1221248630887186,0.14203484754200374,31.41292442497262,38,2079
elephant_mouse_identity,elephant_mouse,raw,32,1,3,522,1827,550,1277,550,18,18,2200,2218,4.0,0.0826570483919447,272.31454545454545,367,2265
elephant_mouse_identity,elephant_mouse,codec,32,1,3,522,1827,586,1241,586,19,8,2147,2166,3.66382252559727,0.09018159433671899,247.1518771331058,351,2210
elephant_mouse_identity,elephant_mouse,raw,32,2,5,522,1827,1029,798,1029,33,33,4116,2091,4.0,0.09842180774748924,131.52964042759962,170,2151
elephant_mouse_identity,elephant_mouse,codec,32,2,5,522,1827,1154,673,1154,37,10,4059,2080,3.517331022530329,0.11096153846153846,116.01646447140381,160,2143
elephant_mouse_identity,elephant_mouse,raw,32,4,8,522,1827,1827,0,1827,58,58,7308,1885,4.0,0.12115384615384615,65.95511767925561,76,2111
elephant_mouse_identity,elephant_mouse,codec,32,4,8,522,1827,1827,0,1827,58,8,5814,1549,3.1822660098522166,0.1474338282763073,61.50903119868637,73,2102
global_fanin_identity,global_fanin,raw,4,1,3,74,512,488,24,488,122,122,1952,2074,4.0,0.0784313725490196,67.04918032786885,101,2080
global_fanin_identity,global_fanin,codec,4,1,3,74,512,488,24,488,122,122,1952,2074,4.0,0.0784313725490196,67.04918032786885,101,2080
global_fanin_identity,global_fanin,raw,4,2,5,74,512,512,0,512,128,128,2048,1152,4.0,0.08888888888888889,27.0,42,2048
global_fanin_identity,global_fanin,codec,4,2,5,74,512,512,0,512,128,128,2048,1152,4.0,0.08888888888888889,27.0,42,2048
global_fanin_identity,global_fanin,raw,4,4,8,74,512,512,0,512,128,128,2048,640,4.0,0.1,17.0,26,2048
global_fanin_identity,global_fanin,codec,4,4,8,74,512,512,0,512,128,128,2048,640,4.0,0.1,17.0,26,2048
global_fanin_identity,global_fanin,raw,8,1,3,138,512,504,8,504,63,63,2016,2079,4.0,0.08080808080808081,87.1984126984127,131,2093
global_fanin_identity,global_fanin,codec,8,1,3,138,512,512,0,512,64,32,1952,2016,3.8125,0.08465608465608465,58.5,77,2061
global_fanin_identity,global_fanin,raw,8,2,5,138,512,512,0,512,64,64,2048,1088,4.0,0.09411764705882353,36.0,48,2048
global_fanin_identity,global_fanin,codec,8,2,5,138,512,512,0,512,64,32,1952,1056,3.8125,0.09696969696969697,35.5,47,2048
global_fanin_identity,global_fanin,raw,8,4,8,138,512,512,0,512,64,64,2048,576,4.0,0.1111111111111111,24.0,32,2048
global_fanin_identity,global_fanin,codec,8,4,8,138,512,512,0,512,64,32,1952,576,3.8125,0.1111111111111111,24.0,32,2048
global_fanin_identity,global_fanin,raw,16,1,3,266,512,512,0,512,32,32,2048,2080,4.0,0.08205128205128205,103.0,126,2110
global_fanin_identity,global_fanin,codec,16,1,3,266,512,512,0,512,32,0,1824,1856,3.5625,0.09195402298850575,80.5,88,2072
global_fanin_identity,global_fanin,raw,16,2,5,266,512,512,0,512,32,32,2048,1056,4.0,0.09696969696969697,55.5,63,2048
global_fanin_identity,global_fanin,codec,16,2,5,266,512,512,0,512,32,0,1824,960,3.5625,0.10666666666666667,52.5,60,2048
global_fanin_identity,global_fanin,raw,16,4,8,266,512,512,0,512,32,32,2048,544,4.0,0.11764705882352941,39.5,47,2048
global_fanin_identity,global_fanin,codec,16,4,8,266,512,512,0,512,32,0,1824,512,3.5625,0.125,38.5,46,2048
global_fanin_identity,global_fanin,raw,32,1,3,522,512,512,0,512,32,32,2048,2080,4.0,0.08205128205128205,135.0,158,2142
global_fanin_identity,global_fanin,codec,32,1,3,522,512,512,0,512,32,0,1824,1856,3.5625,0.09195402298850575,112.5,120,2104
global_fanin_identity,global_fanin,raw,32,2,5,522,512,512,0,512,32,32,2048,1056,4.0,0.09696969696969697,87.5,95,2079
global_fanin_identity,global_fanin,codec,32,2,5,522,512,512,0,512,32,0,1824,960,3.5625,0.10666666666666667,84.5,92,2076
global_fanin_identity,global_fanin,raw,32,4,8,522,512,512,0,512,32,32,2048,544,4.0,0.11764705882352941,71.5,79,2063
global_fanin_identity,global_fanin,codec,32,4,8,522,512,512,0,512,32,0,1824,512,3.5625,0.125,70.5,78,2062
moving_hotspot_multi_column_s3301,moving_hotspot,raw,4,1,3,74,1821,495,1326,495,124,124,1980,2104,4.0,0.07842205323193917,64.67676767676768,99,2109
moving_hotspot_multi_column_s3301,moving_hotspot,codec,4,1,3,74,1821,495,1326,495,124,124,1980,2104,4.0,0.07842205323193917,64.67676767676768,99,2109
moving_hotspot_multi_column_s3301,moving_hotspot,raw,4,2,5,74,1821,918,903,918,230,230,3672,2066,4.0,0.08886737657308809,26.758169934640524,43,2070
moving_hotspot_multi_column_s3301,moving_hotspot,codec,4,2,5,74,1821,918,903,918,230,230,3672,2066,4.0,0.08886737657308809,26.758169934640524,43,2070
moving_hotspot_multi_column_s3301,moving_hotspot,raw,4,4,8,74,1821,1638,183,1638,410,410,6552,2048,4.0,0.0999755859375,10.694139194139193,18,2058
moving_hotspot_multi_column_s3301,moving_hotspot,codec,4,4,8,74,1821,1638,183,1638,410,408,6546,2048,3.9963369963369964,0.0999755859375,10.694139194139193,18,2058
moving_hotspot_multi_column_s3301,moving_hotspot,raw,8,1,3,138,1821,514,1307,514,65,65,2056,2121,4.0,0.08077950652208078,94.19844357976653,129,2129
moving_hotspot_multi_column_s3301,moving_hotspot,codec,8,1,3,138,1821,514,1307,514,65,64,2053,2118,3.9941634241245136,0.08089392508655965,94.12062256809338,129,2126
moving_hotspot_multi_column_s3301,moving_hotspot,raw,8,2,5,138,1821,974,847,974,122,122,3896,2070,4.0,0.09410628019323672,41.662217659137575,61,2082
moving_hotspot_multi_column_s3301,moving_hotspot,codec,8,2,5,138,1821,974,847,974,122,122,3896,2070,4.0,0.09410628019323672,41.662217659137575,61,2082
moving_hotspot_multi_column_s3301,moving_hotspot,raw,8,4,8,138,1821,1782,39,1782,223,223,7128,2005,4.0,0.11109725685785536,17.54320987654321,23,2065
moving_hotspot_multi_column_s3301,moving_hotspot,codec,8,4,8,138,1821,1782,39,1782,223,222,7125,2005,3.9983164983164983,0.11109725685785536,17.54320987654321,23,2065
moving_hotspot_multi_column_s3301,moving_hotspot,raw,16,1,3,266,1821,531,1290,531,34,34,2124,2158,4.0,0.08202038924930491,157.09604519774012,193,2178
moving_hotspot_multi_column_s3301,moving_hotspot,codec,16,1,3,266,1821,532,1289,532,34,32,2122,2156,3.988721804511278,0.08225108225108226,156.91353383458647,193,2174
moving_hotspot_multi_column_s3301,moving_hotspot,raw,16,2,5,266,1821,1011,810,1011,64,64,4044,2086,4.0,0.09693192713326941,72.45994065281899,92,2112
moving_hotspot_multi_column_s3301,moving_hotspot,codec,16,2,5,266,1821,1011,810,1011,64,64,4044,2086,4.0,0.09693192713326941,72.45994065281899,92,2112
moving_hotspot_multi_column_s3301,moving_hotspot,raw,16,4,8,266,1821,1814,7,1814,114,114,7256,1928,4.0,0.11760892116182572,33.30650496141124,40,2080
moving_hotspot_multi_column_s3301,moving_hotspot,codec,16,4,8,266,1821,1814,7,1814,114,114,7256,1928,4.0,0.11760892116182572,33.30650496141124,40,2080
moving_hotspot_multi_column_s3301,moving_hotspot,raw,32,1,3,522,1821,555,1266,555,18,18,2220,2238,4.0,0.08266309204647006,282.6792792792793,368,2282
moving_hotspot_multi_column_s3301,moving_hotspot,codec,32,1,3,522,1821,555,1266,555,18,18,2220,2238,4.0,0.08266309204647006,282.6792792792793,368,2282
moving_hotspot_multi_column_s3301,moving_hotspot,raw,32,2,5,522,1821,1034,787,1034,33,33,4136,2101,4.0,0.09842931937172775,136.66924564796906,174,2155
moving_hotspot_multi_column_s3301,moving_hotspot,codec,32,2,5,522,1821,1034,787,1034,33,33,4136,2101,4.0,0.09842931937172775,136.66924564796906,174,2155
moving_hotspot_multi_column_s3301,moving_hotspot,raw,32,4,8,522,1821,1821,0,1821,57,57,7284,1878,4.0,0.12120607028753994,66.03020318506316,74,2110
moving_hotspot_multi_column_s3301,moving_hotspot,codec,32,4,8,522,1821,1821,0,1821,57,57,7284,1878,4.0,0.12120607028753994,66.03020318506316,74,2110
moving_hotspot_multi_disperse_s3301,moving_hotspot,raw,4,1,3,74,1821,495,1326,495,124,124,1980,2104,4.0,0.07842205323193917,63.14545454545455,99,2109
moving_hotspot_multi_disperse_s3301,moving_hotspot,codec,4,1,3,74,1821,495,1326,495,124,124,1980,2104,4.0,0.07842205323193917,63.14545454545455,99,2109
moving_hotspot_multi_disperse_s3301,moving_hotspot,raw,4,2,5,74,1821,918,903,918,230,230,3672,2066,4.0,0.08886737657308809,26.408496732026144,43,2070
moving_hotspot_multi_disperse_s3301,moving_hotspot,codec,4,2,5,74,1821,918,903,918,230,230,3672,2066,4.0,0.08886737657308809,26.408496732026144,43,2070
moving_hotspot_multi_disperse_s3301,moving_hotspot,raw,4,4,8,74,1821,1638,183,1638,410,410,6552,2048,4.0,0.0999755859375,10.7002442002442,18,2058
moving_hotspot_multi_disperse_s3301,moving_hotspot,codec,4,4,8,74,1821,1638,183,1638,410,406,6540,2048,3.9926739926739927,0.0999755859375,10.7002442002442,18,2058
moving_hotspot_multi_disperse_s3301,moving_hotspot,raw,8,1,3,138,1821,513,1308,513,65,65,2052,2117,4.0,0.0807746811525744,93.12670565302145,130,2127
moving_hotspot_multi_disperse_s3301,moving_hotspot,codec,8,1,3,138,1821,514,1307,514,65,64,2053,2118,3.9941634241245136,0.08089392508655965,92.92996108949416,128,2126
moving_hotspot_multi_disperse_s3301,moving_hotspot,raw,8,2,5,138,1821,974,847,974,122,122,3896,2070,4.0,0.09410628019323672,41.1735112936345,62,2082
moving_hotspot_multi_disperse_s3301,moving_hotspot,codec,8,2,5,138,1821,974,847,974,122,122,3896,2070,4.0,0.09410628019323672,41.1735112936345,62,2082
moving_hotspot_multi_disperse_s3301,moving_hotspot,raw,8,4,8,138,1821,1782,39,1782,223,223,7128,2005,4.0,0.11109725685785536,17.49887766554433,22,2065
moving_hotspot_multi_disperse_s3301,moving_hotspot,codec,8,4,8,138,1821,1782,39,1782,223,221,7122,2005,3.9966329966329965,0.11109725685785536,17.49887766554433,22,2065
moving_hotspot_multi_disperse_s3301,moving_hotspot,raw,16,1,3,266,1821,531,1290,531,34,34,2124,2158,4.0,0.08202038924930491,155.99435028248587,191,2178
moving_hotspot_multi_disperse_s3301,moving_hotspot,codec,16,1,3,266,1821,531,1290,531,34,34,2124,2158,4.0,0.08202038924930491,155.99435028248587,191,2178
moving_hotspot_multi_disperse_s3301,moving_hotspot,raw,16,2,5,266,1821,1011,810,1011,64,64,4044,2086,4.0,0.09693192713326941,72.56083086053413,93,2112
moving_hotspot_multi_disperse_s3301,moving_hotspot,codec,16,2,5,266,1821,1011,810,1011,64,64,4044,2086,4.0,0.09693192713326941,72.56083086053413,93,2112
moving_hotspot_multi_disperse_s3301,moving_hotspot,raw,16,4,8,266,1821,1815,6,1815,114,114,7260,1929,4.0,0.11761275272161742,33.27052341597796,40,2080
moving_hotspot_multi_disperse_s3301,moving_hotspot,codec,16,4,8,266,1821,1815,6,1815,114,113,7253,1928,3.9961432506887054,0.11767375518672199,33.23526170798898,40,2080
moving_hotspot_multi_disperse_s3301,moving_hotspot,raw,32,1,3,522,1821,555,1266,555,18,18,2220,2238,4.0,0.08266309204647006,282.24504504504506,368,2282
moving_hotspot_multi_disperse_s3301,moving_hotspot,codec,32,1,3,522,1821,555,1266,555,18,18,2220,2238,4.0,0.08266309204647006,282.24504504504506,368,2282
moving_hotspot_multi_disperse_s3301,moving_hotspot,raw,32,2,5,522,1821,1034,787,1034,33,33,4136,2101,4.0,0.09842931937172775,136.52417794970987,172,2155
moving_hotspot_multi_disperse_s3301,moving_hotspot,codec,32,2,5,522,1821,1034,787,1034,33,33,4136,2101,4.0,0.09842931937172775,136.52417794970987,172,2155
moving_hotspot_multi_disperse_s3301,moving_hotspot,raw,32,4,8,522,1821,1821,0,1821,57,57,7284,1878,4.0,0.12120607028753994,66.03020318506316,74,2110
moving_hotspot_multi_disperse_s3301,moving_hotspot,codec,32,4,8,522,1821,1821,0,1821,57,57,7284,1878,4.0,0.12120607028753994,66.03020318506316,74,2110
moving_hotspot_multi_row_s3301,moving_hotspot,raw,4,1,3,74,1821,494,1327,494,124,124,1976,2100,4.0,0.0784126984126984,62.73076923076923,100,2104
moving_hotspot_multi_row_s3301,moving_hotspot,codec,4,1,3,74,1821,494,1327,494,124,124,1976,2100,4.0,0.0784126984126984,62.73076923076923,100,2104
moving_hotspot_multi_row_s3301,moving_hotspot,raw,4,2,5,74,1821,919,902,919,230,230,3676,2068,4.0,0.08887814313346228,26.085963003264418,42,2073
moving_hotspot_multi_row_s3301,moving_hotspot,codec,4,2,5,74,1821,919,902,919,230,230,3676,2068,4.0,0.08887814313346228,26.085963003264418,42,2073
moving_hotspot_multi_row_s3301,moving_hotspot,raw,4,4,8,74,1821,1638,183,1638,410,410,6552,2048,4.0,0.0999755859375,10.786324786324787,18,2058
moving_hotspot_multi_row_s3301,moving_hotspot,codec,4,4,8,74,1821,1639,182,1639,410,402,6528,2048,3.9829164124466137,0.10003662109375,10.796827333740085,18,2058
moving_hotspot_multi_row_s3301,moving_hotspot,raw,8,1,3,138,1821,513,1308,513,65,65,2052,2117,4.0,0.0807746811525744,91.5458089668616,129,2127
moving_hotspot_multi_row_s3301,moving_hotspot,codec,8,1,3,138,1821,514,1307,514,65,63,2050,2115,3.9883268482490273,0.0810086682427108,91.38715953307393,129,2123
moving_hotspot_multi_row_s3301,moving_hotspot,raw,8,2,5,138,1821,975,846,975,122,122,3900,2072,4.0,0.09411196911196912,41.17641025641026,60,2085
moving_hotspot_multi_row_s3301,moving_hotspot,codec,8,2,5,138,1821,975,846,975,122,122,3900,2072,4.0,0.09411196911196912,41.17641025641026,60,2085
moving_hotspot_multi_row_s3301,moving_hotspot,raw,8,4,8,138,1821,1782,39,1782,223,223,7128,2005,4.0,0.11109725685785536,17.531986531986533,22,2065
moving_hotspot_multi_row_s3301,moving_hotspot,codec,8,4,8,138,1821,1785,36,1785,224,218,7106,2005,3.980952380952381,0.11128428927680797,17.47563025210084,22,2066
moving_hotspot_multi_row_s3301,moving_hotspot,raw,16,1,3,266,1821,530,1291,530,34,34,2120,2154,4.0,0.08201795109873104,155.04528301886793,190,2177
moving_hotspot_multi_row_s3301,moving_hotspot,codec,16,1,3,266,1821,532,1289,532,34,33,2125,2159,3.994360902255639,0.08213679172456384,154.8890977443609,190,2177
moving_hotspot_multi_row_s3301,moving_hotspot,raw,16,2,5,266,1821,1011,810,1011,64,64,4044,2086,4.0,0.09693192713326941,72.32640949554896,92,2112
moving_hotspot_multi_row_s3301,moving_hotspot,codec,16,2,5,266,1821,1011,810,1011,64,64,4044,2086,4.0,0.09693192713326941,72.32640949554896,92,2112
moving_hotspot_multi_row_s3301,moving_hotspot,raw,16,4,8,266,1821,1815,6,1815,114,114,7260,1929,4.0,0.11761275272161742,33.271625344352614,40,2080
moving_hotspot_multi_row_s3301,moving_hotspot,codec,16,4,8,266,1821,1815,6,1815,114,112,7254,1929,3.996694214876033,0.11761275272161742,33.271625344352614,40,2080
moving_hotspot_multi_row_s3301,moving_hotspot,raw,32,1,3,522,1821,555,1266,555,18,18,2220,2238,4.0,0.08266309204647006,281.4630630630631,369,2282
moving_hotspot_multi_row_s3301,moving_hotspot,codec,32,1,3,522,1821,555,1266,555,18,16,2206,2224,3.9747747747747746,0.08318345323741007,279.0072072072072,368,2268
moving_hotspot_multi_row_s3301,moving_hotspot,raw,32,2,5,522,1821,1034,787,1034,33,33,4136,2101,4.0,0.09842931937172775,136.34429400386847,174,2155
moving_hotspot_multi_row_s3301,moving_hotspot,codec,32,2,5,522,1821,1034,787,1034,33,33,4136,2101,4.0,0.09842931937172775,136.34429400386847,174,2155
moving_hotspot_multi_row_s3301,moving_hotspot,raw,32,4,8,522,1821,1821,0,1821,57,57,7284,1878,4.0,0.12120607028753994,66.03020318506316,74,2110
moving_hotspot_multi_row_s3301,moving_hotspot,codec,32,4,8,522,1821,1821,0,1821,57,56,7281,1878,3.9983525535420097,0.12120607028753994,66.03020318506316,74,2110
moving_hotspot_single_s3301,moving_hotspot,raw,4,1,3,74,1821,492,1329,492,123,123,1968,2091,4.0,0.0784313725490196,45.764227642276424,81,2097
moving_hotspot_single_s3301,moving_hotspot,codec,4,1,3,74,1821,493,1328,493,124,122,1962,2086,3.979716024340771,0.07877916267178012,45.98580121703854,82,2089
moving_hotspot_single_s3301,moving_hotspot,raw,4,2,5,74,1821,916,905,916,229,229,3664,2061,4.0,0.08888888888888889,20.310043668122272,33,2067
moving_hotspot_single_s3301,moving_hotspot,codec,4,2,5,74,1821,958,863,958,240,197,3599,2061,3.75678496868476,0.09296458030082484,19.32463465553236,35,2065
moving_hotspot_single_s3301,moving_hotspot,raw,4,4,8,74,1821,1630,191,1630,408,408,6520,2038,4.0,0.09997546614327772,9.89079754601227,14,2056
moving_hotspot_single_s3301,moving_hotspot,codec,4,4,8,74,1821,1702,119,1702,426,235,5739,2004,3.371915393654524,0.1061626746506986,9.180376028202115,13,2056
moving_hotspot_single_s3301,moving_hotspot,raw,8,1,3,138,1821,510,1311,510,64,64,2040,2104,4.0,0.08079847908745247,78.74313725490197,126,2116
moving_hotspot_single_s3301,moving_hotspot,codec,8,1,3,138,1821,516,1305,516,65,62,2039,2104,3.951550387596899,0.0817490494296578,77.60852713178295,125,2114
moving_hotspot_single_s3301,moving_hotspot,raw,8,2,5,138,1821,972,849,972,122,122,3888,2066,4.0,0.0940948693126815,36.1059670781893,49,2076
moving_hotspot_single_s3301,moving_hotspot,codec,8,2,5,138,1821,1014,807,1014,127,93,3842,2065,3.7889546351084813,0.09820823244552059,34.527613412228796,48,2077
moving_hotspot_single_s3301,moving_hotspot,raw,8,4,8,138,1821,1772,49,1772,222,222,7088,1994,4.0,0.11108324974924774,17.398984198645596,21,2065
moving_hotspot_single_s3301,moving_hotspot,codec,8,4,8,138,1821,1812,9,1812,227,94,5857,1791,3.2323399558498895,0.12646566164154105,16.161147902869757,19,2065
moving_hotspot_single_s3301,moving_hotspot,raw,16,1,3,266,1821,530,1291,530,34,34,2120,2154,4.0,0.08201795109873104,144.17169811320755,189,2177
moving_hotspot_single_s3301,moving_hotspot,codec,16,1,3,266,1821,543,1278,543,34,28,2110,2144,3.8858195211786373,0.08442164179104478,140.10681399631676,189,2173
moving_hotspot_single_s3301,moving_hotspot,raw,16,2,5,266,1821,1010,811,1010,64,64,4040,2084,4.0,0.09692898272552783,67.9019801980198,87,2111
moving_hotspot_single_s3301,moving_hotspot,codec,16,2,5,266,1821,1076,745,1076,68,38,3986,2076,3.704460966542751,0.10366088631984585,63.237918215613384,88,2101
moving_hotspot_single_s3301,moving_hotspot,raw,16,4,8,266,1821,1813,8,1813,114,114,7252,1927,4.0,0.11760508562532433,33.25703254274683,40,2080
moving_hotspot_single_s3301,moving_hotspot,codec,16,4,8,266,1821,1820,1,1820,114,31,5891,1649,3.236813186813187,0.13796240145542754,31.55989010989011,37,2079
moving_hotspot_single_s3301,moving_hotspot,raw,32,1,3,522,1821,553,1268,553,18,18,2212,2230,4.0,0.08266068759342302,273.0361663652803,366,2272
moving_hotspot_single_s3301,moving_hotspot,codec,32,1,3,522,1821,583,1238,583,19,9,2210,2229,3.79073756432247,0.08718408852998355,258.12006861063463,365,2272
moving_hotspot_single_s3301,moving_hotspot,raw,32,2,5,522,1821,1032,789,1032,33,33,4128,2097,4.0,0.09842632331902718,131.5717054263566,169,2153
moving_hotspot_single_s3301,moving_hotspot,codec,32,2,5,522,1821,1097,724,1097,35,18,4073,2080,3.7128532360984505,0.10548076923076923,122.31449407474932,167,2135
moving_hotspot_single_s3301,moving_hotspot,raw,32,4,8,522,1821,1821,0,1821,57,57,7284,1878,4.0,0.12120607028753994,66.03020318506316,74,2110
moving_hotspot_single_s3301,moving_hotspot,codec,32,4,8,522,1821,1821,0,1821,57,8,5897,1568,3.2383305875892368,0.1451690051020408,62.15321252059308,74,2106
moving_hotspot_single_s3302,moving_hotspot,raw,4,1,3,74,1827,490,1337,490,123,123,1960,2083,4.0,0.07841254600736118,45.251020408163264,81,2088
moving_hotspot_single_s3302,moving_hotspot,codec,4,1,3,74,1827,494,1333,494,124,119,1957,2081,3.9615384615384617,0.07912862405894602,44.47165991902834,68,2086
moving_hotspot_single_s3302,moving_hotspot,raw,4,2,5,74,1827,915,912,915,229,229,3660,2059,4.0,0.08887809616318601,20.338797814207652,33,2065
moving_hotspot_single_s3302,moving_hotspot,codec,4,2,5,74,1827,960,867,960,240,186,3582,2058,3.73125,0.09329446064139942,19.046875,33,2065
moving_hotspot_single_s3302,moving_hotspot,raw,4,4,8,74,1827,1631,196,1631,408,408,6524,2039,4.0,0.09998773908778813,9.909871244635193,13,2056
moving_hotspot_single_s3302,moving_hotspot,codec,4,4,8,74,1827,1722,105,1722,431,214,5677,2013,3.296747967479675,0.10692995529061103,8.997677119628339,13,2056
moving_hotspot_single_s3302,moving_hotspot,raw,8,1,3,138,1827,508,1319,508,64,64,2032,2096,4.0,0.08078880407124682,77.69685039370079,116,2108
moving_hotspot_single_s3302,moving_hotspot,codec,8,1,3,138,1827,514,1313,514,65,62,2039,2104,3.9669260700389106,0.0814321926489227,76.5136186770428,125,2114
moving_hotspot_single_s3302,moving_hotspot,raw,8,2,5,138,1827,971,856,971,122,122,3884,2064,4.0,0.0940891472868217,35.83728115345005,47,2076
moving_hotspot_single_s3302,moving_hotspot,codec,8,2,5,138,1827,1050,777,1050,132,85,3823,2067,3.640952380952381,0.10159651669085631,33.042857142857144,48,2081
moving_hotspot_single_s3302,moving_hotspot,raw,8,4,8,138,1827,1778,49,1778,223,223,7112,2001,4.0,0.11106946526736632,17.369516310461194,21,2064
moving_hotspot_single_s3302,moving_hotspot,codec,8,4,8,138,1827,1817,10,1817,228,79,5777,1784,3.179416620803522,0.1273122197309417,16.11832691249312,20,2062
moving_hotspot_single_s3302,moving_hotspot,raw,16,1,3,266,1827,528,1299,528,33,33,2112,2145,4.0,0.08205128205128205,143.71022727272728,188,2177
moving_hotspot_single_s3302,moving_hotspot,codec,16,1,3,266,1827,541,1286,541,34,28,2102,2136,3.88539741219963,0.08442571785268414,138.74121996303143,188,2165
moving_hotspot_single_s3302,moving_hotspot,raw,16,2,5,266,1827,1010,817,1010,64,64,4040,2084,4.0,0.09692898272552783,67.78316831683168,89,2113
moving_hotspot_single_s3302,moving_hotspot,codec,16,2,5,266,1827,1092,735,1092,69,34,3971,2072,3.6364468864468864,0.10540540540540541,62.006410256410255,89,2099
moving_hotspot_single_s3302,moving_hotspot,raw,16,4,8,266,1827,1822,5,1822,114,114,7288,1936,4.0,0.11763946280991736,33.2436882546652,38,2079
moving_hotspot_single_s3302,moving_hotspot,codec,16,4,8,266,1827,1827,0,1827,115,25,5682,1603,3.110016420361248,0.14246724890829696,31.030103995621236,37,2078
moving_hotspot_single_s3302,moving_hotspot,raw,32,1,3,522,1827,552,1275,552,18,18,2208,2226,4.0,0.08265947888589398,272.0,366,2269
moving_hotspot_single_s3302,moving_hotspot,codec,32,1,3,522,1827,618,1209,618,20,4,2196,2216,3.5533980582524274,0.09296028880866426,239.5453074433657,353,2261
moving_hotspot_single_s3302,moving_hotspot,raw,32,2,5,522,1827,1030,797,1030,33,33,4120,2093,4.0,0.09842331581462016,131.4009708737864,169,2153
moving_hotspot_single_s3302,moving_hotspot,codec,32,2,5,522,1827,1188,639,1188,38,13,4097,2099,3.4486531986531985,0.11319676036207718,113.1489898989899,164,2161
moving_hotspot_single_s3302,moving_hotspot,raw,32,4,8,522,1827,1827,0,1827,58,58,7308,1885,4.0,0.12115384615384615,66.03557744937055,73,2111
moving_hotspot_single_s3302,moving_hotspot,codec,32,4,8,522,1827,1827,0,1827,58,6,5668,1514,3.1023535851122057,0.15084214002642007,60.583470169677064,69,2108
phase_transition_s3501,phase_transition,raw,4,1,3,74,3139,666,2473,666,229,229,2664,2893,4.0,0.07673695126166609,69.32582582582583,101,4096
phase_transition_s3501,phase_transition,codec,4,1,3,74,3139,666,2473,666,229,229,2664,2893,4.0,0.07673695126166609,69.32582582582583,101,4096
phase_transition_s3501,phase_transition,raw,4,2,5,74,3139,1098,2041,1098,341,341,4392,2537,4.0,0.08655892786756011,36.04280510018215,53,4096
phase_transition_s3501,phase_transition,codec,4,2,5,74,3139,1098,2041,1098,341,341,4392,2537,4.0,0.08655892786756011,36.04280510018215,53,4096
phase_transition_s3501,phase_transition,raw,4,4,8,74,3139,1822,1317,1822,524,524,7288,2346,4.0,0.09708013640238704,16.09001097694841,29,4096
phase_transition_s3501,phase_transition,codec,4,4,8,74,3139,1822,1317,1822,524,524,7288,2346,4.0,0.09708013640238704,16.09001097694841,29,4096
phase_transition_s3501,phase_transition,raw,8,1,3,138,3139,684,2455,684,131,131,2736,2867,4.0,0.07952563655388908,96.54093567251462,131,4096
phase_transition_s3501,phase_transition,codec,8,1,3,138,3139,705,2434,705,133,105,2736,2869,3.880851063829787,0.08191007319623562,92.55886524822695,128,4096
phase_transition_s3501,phase_transition,raw,8,2,5,138,3139,1153,1986,1153,194,194,4612,2500,4.0,0.09224,49.64353859496964,67,4096
phase_transition_s3501,phase_transition,codec,8,2,5,138,3139,1169,1970,1169,196,164,4580,2502,3.917878528656972,0.09344524380495603,48.870829769033364,66,4096
phase_transition_s3501,phase_transition,raw,8,4,8,138,3139,1989,1150,1989,299,299,7956,2288,4.0,0.10866477272727272,22.43036701860231,42,4096
phase_transition_s3501,phase_transition,codec,8,4,8,138,3139,1989,1150,1989,299,280,7899,2288,3.971342383107089,0.10866477272727272,22.43036701860231,42,4096
phase_transition_s3501,phase_transition,raw,16,1,3,266,3139,694,2445,694,57,57,2776,2833,4.0,0.08165666549005765,158.11527377521614,203,4096
phase_transition_s3501,phase_transition,codec,16,1,3,266,3139,734,2405,734,60,32,2752,2812,3.749318801089918,0.08700806069227122,146.80381471389646,190,4096
phase_transition_s3501,phase_transition,raw,16,2,5,266,3139,1182,1957,1182,89,89,4728,2453,4.0,0.09637178964533225,82.48815566835871,149,4096
phase_transition_s3501,phase_transition,codec,16,2,5,266,3139,1222,1917,1222,92,57,4683,2451,3.8322422258592472,0.09971440228478172,79.7520458265139,149,4096
phase_transition_s3501,phase_transition,raw,16,4,8,266,3139,2060,1079,2060,144,144,8240,2204,4.0,0.11683303085299455,39.716504854368935,133,4096
phase_transition_s3501,phase_transition,codec,16,4,8,266,3139,2067,1072,2067,145,119,8158,2204,3.9467827769714563,0.11723003629764066,39.425253991291726,133,4096
phase_transition_s3501,phase_transition,raw,32,1,3,522,3139,712,2427,712,25,25,2848,2873,4.0,0.08260819120547627,290.29213483146066,422,4096
phase_transition_s3501,phase_transition,codec,32,1,3,522,3139,739,2400,739,26,17,2837,2863,3.838971583220568,0.08604028408429386,278.5575101488498,422,4096
phase_transition_s3501,phase_transition,raw,32,2,5,522,3139,1205,1934,1205,41,41,4820,2451,4.0,0.09832721338229294,154.86390041493775,368,4096
phase_transition_s3501,phase_transition,codec,32,2,5,522,3139,1230,1909,1230,41,28,4805,2450,3.9065040650406506,0.10040816326530612,152.06341463414634,378,4096
phase_transition_s3501,phase_transition,raw,32,4,8,522,3139,2091,1048,2091,68,68,8364,2159,4.0,0.12106299212598425,78.30033476805356,329,4096
phase_transition_s3501,phase_transition,codec,32,4,8,522,3139,2099,1040,2099,69,56,8301,2154,3.954740352548833,0.12180826369545032,78.0495474035255,359,4096
phase_transition_s3502,phase_transition,raw,4,1,3,74,3167,688,2479,688,233,233,2752,2985,4.0,0.0768285873813512,68.40988372093024,101,4096
phase_transition_s3502,phase_transition,codec,4,1,3,74,3167,688,2479,688,233,233,2752,2985,4.0,0.0768285873813512,68.40988372093024,101,4096
phase_transition_s3502,phase_transition,raw,4,2,5,74,3167,1116,2051,1116,346,346,4464,2578,4.0,0.08657874321179208,35.51254480286738,53,4096
phase_transition_s3502,phase_transition,codec,4,2,5,74,3167,1116,2051,1116,346,346,4464,2578,4.0,0.08657874321179208,35.51254480286738,53,4096
phase_transition_s3502,phase_transition,raw,4,4,8,74,3167,1840,1327,1840,529,529,7360,2369,4.0,0.0970873786407767,16.020652173913042,29,4096
phase_transition_s3502,phase_transition,codec,4,4,8,74,3167,1840,1327,1840,529,529,7360,2369,4.0,0.0970873786407767,16.020652173913042,29,4096
phase_transition_s3502,phase_transition,raw,8,1,3,138,3167,702,2465,702,128,128,2808,2936,4.0,0.07970027247956403,94.85754985754986,131,4096
phase_transition_s3502,phase_transition,codec,8,1,3,138,3167,725,2442,725,131,101,2810,2941,3.8758620689655174,0.08217159696248441,92.18620689655172,129,4096
phase_transition_s3502,phase_transition,raw,8,2,5,138,3167,1170,1997,1170,189,189,4680,2529,4.0,0.09252669039145907,49.9025641025641,67,4096
phase_transition_s3502,phase_transition,codec,8,2,5,138,3167,1188,1979,1188,191,155,4644,2531,3.909090909090909,0.09387593836428289,48.81565656565657,66,4096
phase_transition_s3502,phase_transition,raw,8,4,8,138,3167,2009,1158,2009,294,294,8036,2303,4.0,0.10904255319148937,22.566948730711797,44,4096
phase_transition_s3502,phase_transition,codec,8,4,8,138,3167,2009,1158,2009,294,279,7991,2303,3.9776007964161275,0.10904255319148937,22.566948730711797,44,4096
phase_transition_s3502,phase_transition,raw,16,1,3,266,3167,718,2449,718,57,57,2872,2929,4.0,0.08171161943780585,156.98885793871867,194,4096
phase_transition_s3502,phase_transition,codec,16,1,3,266,3167,761,2406,761,60,28,2844,2904,3.7371879106438897,0.08735078053259872,146.26806833114324,189,4096
phase_transition_s3502,phase_transition,raw,16,2,5,266,3167,1205,1962,1205,88,88,4820,2498,4.0,0.09647718174539632,82.64647302904564,127,4096
phase_transition_s3502,phase_transition,codec,16,2,5,266,3167,1239,1928,1239,90,59,4771,2491,3.850686037126715,0.09947812123645122,80.1226795803067,127,4096
phase_transition_s3502,phase_transition,raw,16,4,8,266,3167,2087,1080,2087,143,143,8348,2230,4.0,0.11698430493273543,39.940584571154766,113,4096
phase_transition_s3502,phase_transition,codec,16,4,8,266,3167,2093,1074,2093,144,127,8297,2231,3.9641662685140946,0.1172680412371134,39.80172001911132,113,4096
phase_transition_s3502,phase_transition,raw,32,1,3,522,3167,720,2447,720,24,24,2880,2904,4.0,0.08264462809917356,288.5652777777778,408,4096
phase_transition_s3502,phase_transition,codec,32,1,3,522,3167,744,2423,744,25,16,2885,2910,3.877688172043011,0.0852233676975945,280.7755376344086,408,4096
phase_transition_s3502,phase_transition,raw,32,2,5,522,3167,1222,1945,1222,40,40,4888,2484,4.0,0.09838969404186795,154.3126022913257,344,4096
phase_transition_s3502,phase_transition,codec,32,2,5,522,3167,1263,1904,1263,41,25,4868,2483,3.8543151227236736,0.10173177607732582,149.52573238321457,344,4096
phase_transition_s3502,phase_transition,raw,32,4,8,522,3167,2120,1047,2120,68,68,8480,2188,4.0,0.12111517367458867,77.88207547169812,312,4096
phase_transition_s3502,phase_transition,codec,32,4,8,522,3167,2124,1043,2124,68,57,8431,2184,3.96939736346516,0.12156593406593406,77.79755178907722,312,4096
retrigger_affine,retrigger,raw,4,1,3,74,512,452,60,452,128,128,1808,1936,4.0,0.07782369146005509,26.761061946902654,34,2048
retrigger_affine,retrigger,codec,4,1,3,74,512,512,0,512,128,0,1600,1728,3.125,0.09876543209876543,16.5,17,2048
retrigger_affine,retrigger,raw,4,2,5,74,512,512,0,512,128,128,2048,1152,4.0,0.08888888888888889,12.0,12,2048
retrigger_affine,retrigger,codec,4,2,5,74,512,512,0,512,128,0,1600,992,3.125,0.1032258064516129,10.75,11,2048
retrigger_affine,retrigger,raw,4,4,8,74,512,512,0,512,128,128,2048,640,4.0,0.1,8.0,8,2048
retrigger_affine,retrigger,codec,4,4,8,74,512,512,0,512,128,0,1600,624,3.125,0.10256410256410256,7.875,8,2048
retrigger_affine,retrigger,raw,8,1,3,138,512,407,105,407,128,128,1628,1756,4.0,0.0772589217919514,29.877149877149876,34,2048
retrigger_affine,retrigger,codec,8,1,3,138,512,512,0,512,128,0,1600,1728,3.125,0.09876543209876543,24.5,25,2048
retrigger_affine,retrigger,raw,8,2,5,138,512,512,0,512,128,128,2048,1152,4.0,0.08888888888888889,20.0,20,2048
retrigger_affine,retrigger,codec,8,2,5,138,512,512,0,512,128,0,1600,992,3.125,0.1032258064516129,18.75,19,2048
retrigger_affine,retrigger,raw,8,4,8,138,512,512,0,512,128,128,2048,640,4.0,0.1,16.0,16,2048
retrigger_affine,retrigger,codec,8,4,8,138,512,512,0,512,128,0,1600,624,3.125,0.10256410256410256,15.875,16,2048
retrigger_affine,retrigger,raw,16,1,3,266,512,477,35,477,30,30,1908,1938,4.0,0.08204334365325078,110.35220125786164,146,2048
retrigger_affine,retrigger,codec,16,1,3,266,512,512,0,512,32,0,1364,1396,2.6640625,0.12225405921680993,75.125,94,2048
retrigger_affine,retrigger,raw,16,2,5,266,512,512,0,512,32,32,2048,1056,4.0,0.09696969696969697,64.5,81,2048
retrigger_affine,retrigger,codec,16,2,5,266,512,512,0,512,32,0,1364,730,2.6640625,0.14027397260273972,54.3125,72,2048
retrigger_affine,retrigger,raw,16,4,8,266,512,512,0,512,32,32,2048,544,4.0,0.11764705882352941,48.5,65,2048
retrigger_affine,retrigger,codec,16,4,8,266,512,512,0,512,32,0,1364,397,2.6640625,0.16120906801007556,43.90625,61,2048
retrigger_affine,retrigger,raw,32,1,3,522,512,481,31,481,16,16,1924,1940,4.0,0.08264604810996563,215.9106029106029,277,2090
retrigger_affine,retrigger,codec,32,1,3,522,512,512,0,512,16,0,1284,1300,2.5078125,0.13128205128205128,150.75,194,2048
retrigger_affine,retrigger,raw,32,2,5,522,512,512,0,512,16,16,2048,1040,4.0,0.09846153846153846,134.5,173,2048
retrigger_affine,retrigger,codec,32,2,5,522,512,512,0,512,16,0,1284,666,2.5078125,0.15375375375375375,111.125,152,2048
retrigger_affine,retrigger,raw,32,4,8,522,512,512,0,512,16,16,2048,528,4.0,0.12121212121212122,102.5,141,2048
retrigger_affine,retrigger,codec,32,4,8,522,512,512,0,512,16,0,1284,349,2.5078125,0.1833810888252149,91.3125,131,2048
retrigger_identity,retrigger,raw,4,1,3,74,512,452,60,452,128,128,1808,1936,4.0,0.07782369146005509,26.761061946902654,34,2048
retrigger_identity,retrigger,codec,4,1,3,74,512,512,0,512,128,0,1592,1720,3.109375,0.09922480620155039,16.4375,17,2048
retrigger_identity,retrigger,raw,4,2,5,74,512,512,0,512,128,128,2048,1152,4.0,0.08888888888888889,12.0,12,2048
retrigger_identity,retrigger,codec,4,2,5,74,512,512,0,512,128,0,1592,988,3.109375,0.10364372469635627,10.71875,11,2048
retrigger_identity,retrigger,raw,4,4,8,74,512,512,0,512,128,128,2048,640,4.0,0.1,8.0,8,2048
retrigger_identity,retrigger,codec,4,4,8,74,512,512,0,512,128,0,1592,622,3.109375,0.10289389067524116,7.859375,8,2048
retrigger_identity,retrigger,raw,8,1,3,138,512,407,105,407,128,128,1628,1756,4.0,0.0772589217919514,29.877149877149876,34,2048
retrigger_identity,retrigger,codec,8,1,3,138,512,512,0,512,128,0,1592,1720,3.109375,0.09922480620155039,24.4375,25,2048
retrigger_identity,retrigger,raw,8,2,5,138,512,512,0,512,128,128,2048,1152,4.0,0.08888888888888889,20.0,20,2048
retrigger_identity,retrigger,codec,8,2,5,138,512,512,0,512,128,0,1592,988,3.109375,0.10364372469635627,18.71875,19,2048
retrigger_identity,retrigger,raw,8,4,8,138,512,512,0,512,128,128,2048,640,4.0,0.1,16.0,16,2048
retrigger_identity,retrigger,codec,8,4,8,138,512,512,0,512,128,0,1592,622,3.109375,0.10289389067524116,15.859375,16,2048
retrigger_identity,retrigger,raw,16,1,3,266,512,477,35,477,30,30,1908,1938,4.0,0.08204334365325078,110.35220125786164,146,2048
retrigger_identity,retrigger,codec,16,1,3,266,512,512,0,512,32,0,1356,1388,2.6484375,0.12295869356388088,74.875,94,2048
retrigger_identity,retrigger,raw,16,2,5,266,512,512,0,512,32,32,2048,1056,4.0,0.09696969696969697,64.5,81,2048
retrigger_identity,retrigger,codec,16,2,5,266,512,512,0,512,32,0,1356,726,2.6484375,0.14104683195592285,54.1875,72,2048
retrigger_identity,retrigger,raw,16,4,8,266,512,512,0,512,32,32,2048,544,4.0,0.11764705882352941,48.5,65,2048
retrigger_identity,retrigger,codec,16,4,8,266,512,512,0,512,32,0,1356,395,2.6484375,0.1620253164556962,43.84375,61,2048
retrigger_identity,retrigger,raw,32,1,3,522,512,481,31,481,16,16,1924,1940,4.0,0.08264604810996563,215.9106029106029,277,2090
retrigger_identity,retrigger,codec,32,1,3,522,512,512,0,512,16,0,1276,1292,2.4921875,0.13209494324045407,150.25,194,2048
retrigger_identity,retrigger,raw,32,2,5,522,512,512,0,512,16,16,2048,1040,4.0,0.09846153846153846,134.5,173,2048
retrigger_identity,retrigger,codec,32,2,5,522,512,512,0,512,16,0,1276,662,2.4921875,0.15468277945619335,110.875,152,2048
retrigger_identity,retrigger,raw,32,4,8,522,512,512,0,512,16,16,2048,528,4.0,0.12121212121212122,102.5,141,2048
retrigger_identity,retrigger,codec,32,4,8,522,512,512,0,512,16,0,1276,347,2.4921875,0.1844380403458213,91.1875,131,2048
rotating_victim_affine,rotating_victim,raw,4,1,3,74,4217,980,3237,980,245,245,3920,4165,4.0,0.0784313725490196,85.00204081632653,101,4171
rotating_victim_affine,rotating_victim,codec,4,1,3,74,4217,980,3237,980,245,245,3920,4165,4.0,0.0784313725490196,85.00204081632653,101,4171
rotating_victim_affine,rotating_victim,raw,4,2,5,74,4217,1834,2383,1834,459,459,7336,4127,4.0,0.08887811969953961,37.56161395856052,53,4131
rotating_victim_affine,rotating_victim,codec,4,2,5,74,4217,1834,2383,1834,459,459,7336,4127,4.0,0.08887811969953961,37.56161395856052,53,4131
rotating_victim_affine,rotating_victim,raw,4,4,8,74,4217,3284,933,3284,821,821,13136,4105,4.0,0.1,14.83373934226553,26,4111
rotating_victim_affine,rotating_victim,codec,4,4,8,74,4217,3284,933,3284,821,821,13136,4105,4.0,0.1,14.83373934226553,26,4111
rotating_victim_affine,rotating_victim,raw,8,1,3,138,4217,1015,3202,1015,127,127,4060,4187,4.0,0.08080566833850808,114.67389162561577,131,4200
rotating_victim_affine,rotating_victim,codec,8,1,3,138,4217,1051,3166,1051,132,81,4051,4183,3.8544243577545196,0.08375169336202087,109.62987630827783,130,4192
rotating_victim_affine,rotating_victim,raw,8,2,5,138,4217,1943,2274,1943,243,243,7772,4129,4.0,0.09411479777185759,51.900154400411736,67,4142
rotating_victim_affine,rotating_victim,codec,8,2,5,138,4217,1957,2260,1957,245,216,7741,4130,3.955544200306592,0.09476997578692493,51.263668880940216,66,4141
rotating_victim_affine,rotating_victim,raw,8,4,8,138,4217,3646,571,3646,456,456,14584,4102,4.0,0.11110433934666017,20.851069665386724,30,4115
rotating_victim_affine,rotating_victim,codec,8,4,8,138,4217,3646,571,3646,456,456,14584,4102,4.0,0.11110433934666017,20.851069665386724,30,4115
rotating_victim_affine,rotating_victim,raw,16,1,3,266,4217,1039,3178,1039,65,65,4156,4221,4.0,0.082050067124694,176.13185755534167,194,4250
rotating_victim_affine,rotating_victim,codec,16,1,3,266,4217,1119,3098,1119,70,16,4150,4220,3.708668453976765,0.08838862559241706,162.4048257372654,190,4249
rotating_victim_affine,rotating_victim,raw,16,2,5,266,4217,2008,2209,2008,126,126,8032,4142,4.0,0.0969579913085466,82.34860557768924,98,4164
rotating_victim_affine,rotating_victim,codec,16,2,5,266,4217,2028,2189,2028,127,102,8005,4142,3.9472386587771204,0.09792370835345243,81.88757396449704,97,4168
rotating_victim_affine,rotating_victim,raw,16,4,8,266,4217,3857,360,3857,242,242,15428,4099,4.0,0.117620151256404,35.636245786881,44,4131
rotating_victim_affine,rotating_victim,codec,16,4,8,266,4217,3857,360,3857,242,242,15428,4099,4.0,0.117620151256404,35.636245786881,44,4131
rotating_victim_affine,rotating_victim,raw,32,1,3,522,4217,1071,3146,1071,34,34,4284,4318,4.0,0.08267716535433071,301.18954248366015,370,4363
rotating_victim_affine,rotating_victim,codec,32,1,3,522,4217,1071,3146,1071,34,31,4271,4305,3.987861811391223,0.08292682926829269,300.3090569561158,370,4350
rotating_victim_affine,rotating_victim,raw,32,2,5,522,4217,2053,2164,2053,65,65,8212,4171,4.0,0.09844162071445696,145.78616658548466,178,4227
rotating_victim_affine,rotating_victim,codec,32,2,5,522,4217,2053,2164,2053,65,65,8212,4171,4.0,0.09844162071445696,145.78616658548466,178,4227
rotating_victim_affine,rotating_victim,raw,32,4,8,522,4217,3964,253,3964,124,124,15856,4088,4.0,0.12120841487279843,66.70938446014127,75,4160
rotating_victim_affine,rotating_victim,codec,32,4,8,522,4217,3964,253,3964,124,124,15856,4088,4.0,0.12120841487279843,66.70938446014127,75,4160
rotating_victim_identity,rotating_victim,raw,4,1,3,74,4217,979,3238,979,245,245,3916,4161,4.0,0.07842666025795081,84.94279877425944,101,4166
rotating_victim_identity,rotating_victim,codec,4,1,3,74,4217,979,3238,979,245,245,3916,4161,4.0,0.07842666025795081,84.94279877425944,101,4166
rotating_victim_identity,rotating_victim,raw,4,2,5,74,4217,1835,2382,1835,459,459,7340,4129,4.0,0.08888350690239767,37.46811989100817,53,4134
rotating_victim_identity,rotating_victim,codec,4,2,5,74,4217,1835,2382,1835,459,459,7340,4129,4.0,0.08888350690239767,37.46811989100817,53,4134
rotating_victim_identity,rotating_victim,raw,4,4,8,74,4217,3282,935,3282,821,821,13128,4103,4.0,0.0999878137947843,14.836684948202315,26,4108
rotating_victim_identity,rotating_victim,codec,4,4,8,74,4217,3282,935,3282,821,821,13128,4103,4.0,0.0999878137947843,14.836684948202315,26,4108
rotating_victim_identity,rotating_victim,raw,8,1,3,138,4217,1014,3203,1014,127,127,4056,4183,4.0,0.08080325125508009,114.6508875739645,131,4195
rotating_victim_identity,rotating_victim,codec,8,1,3,138,4217,1055,3162,1055,132,78,4058,4190,3.8464454976303317,0.08392999204455051,109.57535545023697,130,4203
rotating_victim_identity,rotating_victim,raw,8,2,5,138,4217,1945,2272,1945,244,244,7780,4134,4.0,0.09409772617319787,51.361439588688945,67,4146
rotating_victim_identity,rotating_victim,codec,8,2,5,138,4217,1952,2265,1952,244,220,7736,4124,3.9631147540983607,0.09466537342386033,51.298668032786885,67,4138
rotating_victim_identity,rotating_victim,raw,8,4,8,138,4217,3646,571,3646,456,456,14584,4102,4.0,0.11110433934666017,20.844487109160724,30,4115
rotating_victim_identity,rotating_victim,codec,8,4,8,138,4217,3646,571,3646,456,456,14584,4102,4.0,0.11110433934666017,20.844487109160724,30,4115
rotating_victim_identity,rotating_victim,raw,16,1,3,266,4217,1039,3178,1039,65,65,4156,4221,4.0,0.082050067124694,176.06833493743986,194,4250
rotating_victim_identity,rotating_victim,codec,16,1,3,266,4217,1119,3098,1119,70,14,4140,4210,3.6997319034852545,0.08859857482185274,162.3360142984808,189,4239
rotating_victim_identity,rotating_victim,raw,16,2,5,266,4217,2008,2209,2008,126,126,8032,4142,4.0,0.0969579913085466,82.72211155378486,98,4164
rotating_victim_identity,rotating_victim,codec,16,2,5,266,4217,2026,2191,2026,127,101,8002,4141,3.949654491609082,0.09785076068582468,81.60118460019743,97,4165
rotating_victim_identity,rotating_victim,raw,16,4,8,266,4217,3857,360,3857,242,242,15428,4099,4.0,0.117620151256404,35.716619134042,44,4131
rotating_victim_identity,rotating_victim,codec,16,4,8,266,4217,3857,360,3857,242,242,15428,4099,4.0,0.117620151256404,35.716619134042,44,4131
rotating_victim_identity,rotating_victim,raw,32,1,3,522,4217,1071,3146,1071,34,34,4284,4318,4.0,0.08267716535433071,300.8216619981326,370,4363
rotating_victim_identity,rotating_victim,codec,32,1,3,522,4217,1071,3146,1071,34,31,4267,4301,3.984126984126984,0.08300395256916997,299.890756302521,370,4346
rotating_victim_identity,rotating_victim,raw,32,2,5,522,4217,2052,2165,2052,65,65,8208,4169,4.0,0.09844087311105781,145.70906432748538,177,4226
rotating_victim_identity,rotating_victim,codec,32,2,5,522,4217,2052,2165,2052,65,65,8208,4169,4.0,0.09844087311105781,145.70906432748538,177,4226
rotating_victim_identity,rotating_victim,raw,32,4,8,522,4217,3968,249,3968,124,124,15872,4092,4.0,0.12121212121212122,66.78301411290323,76,4163
rotating_victim_identity,rotating_victim,codec,32,4,8,522,4217,3968,249,3968,124,124,15872,4092,4.0,0.12121212121212122,66.78301411290323,76,4163
shape_b1,rate_shape,raw,4,1,3,74,2048,980,1068,980,245,245,3920,4165,4.0,0.0784313725490196,84.39081632653061,101,4175
shape_b1,rate_shape,codec,4,1,3,74,2048,980,1068,980,245,245,3920,4165,4.0,0.0784313725490196,84.39081632653061,101,4175
shape_b1,rate_shape,raw,4,2,5,74,2048,1830,218,1830,458,458,7320,4118,4.0,0.08887809616318601,36.81967213114754,53,4126
shape_b1,rate_shape,codec,4,2,5,74,2048,1830,218,1830,458,458,7320,4118,4.0,0.08887809616318601,36.81967213114754,53,4126
shape_b1,rate_shape,raw,4,4,8,74,2048,2048,0,2048,512,512,8192,2560,4.0,0.1,9.5,11,4102
shape_b1,rate_shape,codec,4,4,8,74,2048,2048,0,2048,512,512,8192,2560,4.0,0.1,9.5,11,4102
shape_b1,rate_shape,raw,8,1,3,138,2048,1010,1038,1010,127,127,4040,4167,4.0,0.08079353651707863,113.99801980198019,131,4183
shape_b1,rate_shape,codec,8,1,3,138,2048,1056,992,1056,132,68,4032,4164,3.8181818181818183,0.0845341018251681,108.30681818181819,127,4186
shape_b1,rate_shape,raw,8,2,5,138,2048,1938,110,1938,243,243,7752,4119,4.0,0.09410050983248361,50.31424148606811,67,4138
shape_b1,rate_shape,codec,8,2,5,138,2048,1994,54,1994,250,134,7628,4122,3.8254764292878636,0.09674915089762251,48.314944834503514,65,4141
shape_b1,rate_shape,raw,8,4,8,138,2048,2048,0,2048,256,256,8192,2304,4.0,0.1111111111111111,19.5,23,4110
shape_b1,rate_shape,codec,8,4,8,138,2048,2048,0,2048,256,129,7811,2304,3.81396484375,0.1111111111111111,19.5,23,4110
shape_b1,rate_shape,raw,16,1,3,266,2048,1036,1012,1036,65,65,4144,4209,4.0,0.0820464084897442,175.73552123552125,194,4251
shape_b1,rate_shape,codec,16,1,3,266,2048,1152,896,1152,72,0,4108,4180,3.5659722222222223,0.09186602870813397,155.54340277777777,173,4226
shape_b1,rate_shape,raw,16,2,5,266,2048,1998,50,1998,125,125,7992,4121,4.0,0.0969667556418345,79.39889889889889,98,4165
shape_b1,rate_shape,codec,16,2,5,266,2048,2048,0,2048,128,0,7300,3842,3.564453125,0.10661114003123373,52.515625,62,4139
shape_b1,rate_shape,raw,16,4,8,266,2048,2048,0,2048,128,128,8192,2176,4.0,0.11764705882352941,39.5,47,4126
shape_b1,rate_shape,codec,16,4,8,266,2048,2048,0,2048,128,0,7300,2049,3.564453125,0.12493899463152758,38.5078125,47,4125
shape_b1,rate_shape,raw,32,1,3,522,2048,1052,996,1052,33,33,4208,4241,4.0,0.0826849013597422,291.7347908745247,360,4331
shape_b1,rate_shape,codec,32,1,3,522,2048,1141,907,1141,36,0,4176,4212,3.6599474145486415,0.09029756251978474,267.4224364592463,342,4295
shape_b1,rate_shape,raw,32,2,5,522,2048,2028,20,2028,64,64,8112,4120,4.0,0.09844660194174758,130.63214990138067,163,4201
shape_b1,rate_shape,codec,32,2,5,522,2048,2048,0,2048,64,0,6980,3586,3.408203125,0.11422197434467374,102.53125,120,4181
shape_b1,rate_shape,raw,32,4,8,522,2048,2048,0,2048,64,64,8192,2112,4.0,0.12121212121212122,79.5,95,4158
shape_b1,rate_shape,codec,32,4,8,522,2048,2048,0,2048,64,0,6980,1857,3.408203125,0.13785675821217017,75.515625,92,4154
shape_b16,rate_shape,raw,4,1,3,74,2048,969,1079,969,243,243,3876,4119,4.0,0.07841709152706967,84.8937048503612,101,4153
shape_b16,rate_shape,codec,4,1,3,74,2048,969,1079,969,243,243,3876,4119,4.0,0.07841709152706967,84.8937048503612,101,4153
shape_b16,rate_shape,raw,4,2,5,74,2048,1812,236,1812,453,453,7248,4077,4.0,0.08888888888888889,37.44426048565121,53,4114
shape_b16,rate_shape,codec,4,2,5,74,2048,1812,236,1812,453,453,7248,4077,4.0,0.08888888888888889,37.44426048565121,53,4114
shape_b16,rate_shape,raw,4,4,8,74,2048,2048,0,2048,512,512,8192,2560,4.0,0.1,17.0,26,4096
shape_b16,rate_shape,codec,4,4,8,74,2048,2048,0,2048,512,512,8192,2560,4.0,0.1,17.0,26,4096
shape_b16,rate_shape,raw,8,1,3,138,2048,1000,1048,1000,125,125,4000,4125,4.0,0.08080808080808081,114.784,131,4170
shape_b16,rate_shape,codec,8,1,3,138,2048,1048,1000,1048,131,66,3997,4128,3.8139312977099236,0.08462532299741603,108.54198473282443,125,4173
shape_b16,rate_shape,raw,8,2,5,138,2048,1920,128,1920,240,240,7680,4080,4.0,0.09411764705882353,51.0796875,67,4125
shape_b16,rate_shape,codec,8,2,5,138,2048,1976,72,1976,247,124,7535,4076,3.813259109311741,0.09695780176643769,48.94078947368421,65,4121
shape_b16,rate_shape,raw,8,4,8,138,2048,2048,0,2048,256,256,8192,2304,4.0,0.1111111111111111,24.0,32,4096
shape_b16,rate_shape,codec,8,4,8,138,2048,2048,0,2048,256,128,7808,2304,3.8125,0.1111111111111111,24.0,32,4096
shape_b16,rate_shape,raw,16,1,3,266,2048,1024,1024,1024,64,64,4096,4160,4.0,0.08205128205128205,175.75,194,4221
shape_b16,rate_shape,codec,16,1,3,266,2048,1152,896,1152,72,0,4104,4176,3.5625,0.09195402298850575,155.46527777777777,173,4237
shape_b16,rate_shape,raw,16,2,5,266,2048,1984,64,1984,124,124,7936,4092,4.0,0.09696969696969697,80.06754032258064,98,4153
shape_b16,rate_shape,codec,16,2,5,266,2048,2048,0,2048,128,0,7296,3840,3.5625,0.10666666666666667,52.5,60,4124
shape_b16,rate_shape,raw,16,4,8,266,2048,2048,0,2048,128,128,8192,2176,4.0,0.11764705882352941,39.5,47,4111
shape_b16,rate_shape,codec,16,4,8,266,2048,2048,0,2048,128,0,7296,2048,3.5625,0.125,38.5,46,4110
shape_b16,rate_shape,raw,32,1,3,522,2048,1040,1008,1040,33,33,4160,4193,4.0,0.08267747833691072,291.9153846153846,355,4286
shape_b16,rate_shape,codec,32,1,3,522,2048,1216,832,1216,38,0,4142,4180,3.40625,0.09696969696969697,246.56743421052633,298,4289
shape_b16,rate_shape,raw,32,2,5,522,2048,2016,32,2016,63,63,8064,4095,4.0,0.09846153846153846,134.25099206349208,163,4204
shape_b16,rate_shape,codec,32,2,5,522,2048,2048,0,2048,64,0,6976,3584,3.40625,0.11428571428571428,102.5,118,4166
shape_b16,rate_shape,raw,32,4,8,522,2048,2048,0,2048,64,64,8192,2112,4.0,0.12121212121212122,79.5,95,4143
shape_b16,rate_shape,codec,32,4,8,522,2048,2048,0,2048,64,0,6976,1856,3.40625,0.13793103448275862,75.5,91,4139
shape_b4,rate_shape,raw,4,1,3,74,2048,980,1068,980,245,245,3920,4165,4.0,0.0784313725490196,84.44897959183673,101,4178
shape_b4,rate_shape,codec,4,1,3,74,2048,980,1068,980,245,245,3920,4165,4.0,0.0784313725490196,84.44897959183673,101,4178
shape_b4,rate_shape,raw,4,2,5,74,2048,1828,220,1828,457,457,7312,4113,4.0,0.08888888888888889,36.91630196936543,53,4126
shape_b4,rate_shape,codec,4,2,5,74,2048,1828,220,1828,457,457,7312,4113,4.0,0.08888888888888889,36.91630196936543,53,4126
shape_b4,rate_shape,raw,4,4,8,74,2048,2048,0,2048,512,512,8192,2560,4.0,0.1,9.5,11,4099
shape_b4,rate_shape,codec,4,4,8,74,2048,2048,0,2048,512,512,8192,2560,4.0,0.1,9.5,11,4099
shape_b4,rate_shape,raw,8,1,3,138,2048,1008,1040,1008,126,126,4032,4158,4.0,0.08080808080808081,114.21825396825396,131,4183
shape_b4,rate_shape,codec,8,1,3,138,2048,1056,992,1056,132,68,4032,4164,3.8181818181818183,0.0845341018251681,108.10416666666667,125,4189
shape_b4,rate_shape,raw,8,2,5,138,2048,1936,112,1936,242,242,7744,4114,4.0,0.09411764705882353,50.11570247933884,67,4139
shape_b4,rate_shape,codec,8,2,5,138,2048,1991,57,1991,249,133,7616,4115,3.8252134605725767,0.09676792223572296,48.56654947262682,65,4139
shape_b4,rate_shape,raw,8,4,8,138,2048,2048,0,2048,256,256,8192,2304,4.0,0.1111111111111111,19.5,23,4107
shape_b4,rate_shape,codec,8,4,8,138,2048,2048,0,2048,256,256,8192,2304,4.0,0.1111111111111111,19.5,23,4107
shape_b4,rate_shape,raw,16,1,3,266,2048,1036,1012,1036,65,65,4144,4209,4.0,0.0820464084897442,175.85521235521236,194,4254
shape_b4,rate_shape,codec,16,1,3,266,2048,1152,896,1152,72,2,4118,4190,3.5746527777777777,0.09164677804295943,155.90277777777777,176,4239
shape_b4,rate_shape,raw,16,2,5,266,2048,1996,52,1996,125,125,7984,4117,4.0,0.09696380859849404,79.44038076152304,98,4162
shape_b4,rate_shape,codec,16,2,5,266,2048,2048,0,2048,128,89,7919,4107,3.86669921875,0.09973216459702947,72.9765625,90,4156
shape_b4,rate_shape,raw,16,4,8,266,2048,2048,0,2048,128,128,8192,2176,4.0,0.11764705882352941,39.5,47,4123
shape_b4,rate_shape,codec,16,4,8,266,2048,2048,0,2048,128,128,8192,2176,4.0,0.11764705882352941,39.5,47,4123
shape_b4,rate_shape,raw,32,1,3,522,2048,1050,998,1050,33,33,4200,4233,4.0,0.08268367587999055,292.6552380952381,355,4324
shape_b4,rate_shape,codec,32,1,3,522,2048,1076,972,1076,34,6,4172,4206,3.8773234200743496,0.08527500396259312,282.3708178438662,351,4291
shape_b4,rate_shape,raw,32,2,5,522,2048,2027,21,2027,64,64,8108,4118,4.0,0.09844584749878582,133.15688209176122,163,4203
shape_b4,rate_shape,codec,32,2,5,522,2048,2047,1,2047,64,21,8055,4113,3.935026868588178,0.09953805008509603,130.743038593063,161,4209
shape_b4,rate_shape,raw,32,4,8,522,2048,2048,0,2048,64,64,8192,2112,4.0,0.12121212121212122,79.5,95,4155
shape_b4,rate_shape,codec,32,4,8,522,2048,2048,0,2048,64,64,8192,2112,4.0,0.12121212121212122,79.5,95,4155
spatial_dispersed,matched_spatial,raw,4,1,3,74,1536,488,1048,488,122,122,1952,2074,4.0,0.0784313725490196,47.44467213114754,50,2085
spatial_dispersed,matched_spatial,codec,4,1,3,74,1536,488,1048,488,122,122,1952,2074,4.0,0.0784313725490196,47.44467213114754,50,2085
spatial_dispersed,matched_spatial,raw,4,2,5,74,1536,912,624,912,228,228,3648,2052,4.0,0.08888888888888889,23.74451754385965,26,2063
spatial_dispersed,matched_spatial,codec,4,2,5,74,1536,912,624,912,228,228,3648,2052,4.0,0.08888888888888889,23.74451754385965,26,2063
spatial_dispersed,matched_spatial,raw,4,4,8,74,1536,1536,0,1536,384,384,6144,1920,4.0,0.1,9.5,11,2053
spatial_dispersed,matched_spatial,codec,4,4,8,74,1536,1536,0,1536,384,384,6144,1920,4.0,0.1,9.5,11,2053
spatial_dispersed,matched_spatial,raw,8,1,3,138,1536,508,1028,508,64,64,2032,2096,4.0,0.08078880407124682,77.73818897637796,93,2112
spatial_dispersed,matched_spatial,codec,8,1,3,138,1536,508,1028,508,64,64,2032,2096,4.0,0.08078880407124682,77.73818897637796,93,2112
spatial_dispersed,matched_spatial,raw,8,2,5,138,1536,969,567,969,122,122,3876,2060,4.0,0.09407766990291262,38.52115583075335,45,2078
spatial_dispersed,matched_spatial,codec,8,2,5,138,1536,969,567,969,122,122,3876,2060,4.0,0.09407766990291262,38.52115583075335,45,2078
spatial_dispersed,matched_spatial,raw,8,4,8,138,1536,1536,0,1536,192,192,6144,1728,4.0,0.1111111111111111,18.166666666666668,21,2061
spatial_dispersed,matched_spatial,codec,8,4,8,138,1536,1536,0,1536,192,192,6144,1728,4.0,0.1111111111111111,18.166666666666668,21,2061
spatial_dispersed,matched_spatial,raw,16,1,3,266,1536,519,1017,519,33,33,2076,2109,4.0,0.0820293978188715,138.63005780346822,179,2139
spatial_dispersed,matched_spatial,codec,16,1,3,266,1536,580,956,580,37,1,2068,2105,3.56551724137931,0.09184481393507522,123.64137931034483,158,2132
spatial_dispersed,matched_spatial,raw,16,2,5,266,1536,1000,536,1000,63,63,4000,2063,4.0,0.09694619486185167,68.638,83,2094
spatial_dispersed,matched_spatial,codec,16,2,5,266,1536,1099,437,1099,69,1,3920,2063,3.56687898089172,0.10654386815317499,62.0400363967243,74,2097
spatial_dispersed,matched_spatial,raw,16,4,8,266,1536,1536,0,1536,96,96,6144,1632,4.0,0.11764705882352941,35.5,39,2077
spatial_dispersed,matched_spatial,codec,16,4,8,266,1536,1536,0,1536,96,0,5472,1536,3.5625,0.125,34.5,38,2076
spatial_dispersed,matched_spatial,raw,32,1,3,522,1536,548,988,548,18,18,2192,2210,4.0,0.08265460030165912,259.5109489051095,349,2273
spatial_dispersed,matched_spatial,codec,32,1,3,522,1536,753,783,753,24,1,2115,2139,2.808764940239044,0.11734455352968677,180.43957503320053,232,2200
spatial_dispersed,matched_spatial,raw,32,2,5,522,1536,1028,508,1028,33,33,4112,2089,4.0,0.0984202967927238,129.22081712062257,157,2160
spatial_dispersed,matched_spatial,codec,32,2,5,522,1536,1427,109,1427,45,1,3992,2063,2.797477224947442,0.13834222006786234,89.66292922214436,100,2126
spatial_dispersed,matched_spatial,raw,32,4,8,522,1536,1536,0,1536,48,48,6144,1584,4.0,0.12121212121212122,70.16666666666667,77,2109
spatial_dispersed,matched_spatial,codec,32,4,8,522,1536,1536,0,1536,48,0,4272,1152,2.78125,0.16666666666666666,61.166666666666664,68,2100
spatial_local,matched_spatial,raw,4,1,3,74,1536,488,1048,488,122,122,1952,2074,4.0,0.0784313725490196,47.44467213114754,50,2085
spatial_local,matched_spatial,codec,4,1,3,74,1536,488,1048,488,122,122,1952,2074,4.0,0.0784313725490196,47.44467213114754,50,2085
spatial_local,matched_spatial,raw,4,2,5,74,1536,912,624,912,228,228,3648,2052,4.0,0.08888888888888889,23.74451754385965,26,2063
spatial_local,matched_spatial,codec,4,2,5,74,1536,912,624,912,228,228,3648,2052,4.0,0.08888888888888889,23.74451754385965,26,2063
spatial_local,matched_spatial,raw,4,4,8,74,1536,1536,0,1536,384,384,6144,1920,4.0,0.1,9.5,11,2053
spatial_local,matched_spatial,codec,4,4,8,74,1536,1536,0,1536,384,384,6144,1920,4.0,0.1,9.5,11,2053
spatial_local,matched_spatial,raw,8,1,3,138,1536,508,1028,508,64,64,2032,2096,4.0,0.08078880407124682,77.73818897637796,93,2112
spatial_local,matched_spatial,codec,8,1,3,138,1536,508,1028,508,64,64,2032,2096,4.0,0.08078880407124682,77.73818897637796,93,2112
spatial_local,matched_spatial,raw,8,2,5,138,1536,969,567,969,122,122,3876,2060,4.0,0.09407766990291262,38.52115583075335,45,2078
spatial_local,matched_spatial,codec,8,2,5,138,1536,969,567,969,122,122,3876,2060,4.0,0.09407766990291262,38.52115583075335,45,2078
spatial_local,matched_spatial,raw,8,4,8,138,1536,1536,0,1536,192,192,6144,1728,4.0,0.1111111111111111,18.166666666666668,21,2061
spatial_local,matched_spatial,codec,8,4,8,138,1536,1536,0,1536,192,192,6144,1728,4.0,0.1111111111111111,18.166666666666668,21,2061
spatial_local,matched_spatial,raw,16,1,3,266,1536,519,1017,519,33,33,2076,2109,4.0,0.0820293978188715,138.63005780346822,179,2139
spatial_local,matched_spatial,codec,16,1,3,266,1536,580,956,580,37,1,2068,2105,3.56551724137931,0.09184481393507522,123.64137931034483,158,2132
spatial_local,matched_spatial,raw,16,2,5,266,1536,1000,536,1000,63,63,4000,2063,4.0,0.09694619486185167,68.638,83,2094
spatial_local,matched_spatial,codec,16,2,5,266,1536,1099,437,1099,69,1,3920,2063,3.56687898089172,0.10654386815317499,62.0400363967243,74,2097
spatial_local,matched_spatial,raw,16,4,8,266,1536,1536,0,1536,96,96,6144,1632,4.0,0.11764705882352941,35.5,39,2077
spatial_local,matched_spatial,codec,16,4,8,266,1536,1536,0,1536,96,0,5472,1536,3.5625,0.125,34.5,38,2076
spatial_local,matched_spatial,raw,32,1,3,522,1536,548,988,548,18,18,2192,2210,4.0,0.08265460030165912,259.5109489051095,349,2273
spatial_local,matched_spatial,codec,32,1,3,522,1536,753,783,753,24,1,2115,2139,2.808764940239044,0.11734455352968677,180.43957503320053,232,2200
spatial_local,matched_spatial,raw,32,2,5,522,1536,1028,508,1028,33,33,4112,2089,4.0,0.0984202967927238,129.22081712062257,157,2160
spatial_local,matched_spatial,codec,32,2,5,522,1536,1427,109,1427,45,1,3992,2063,2.797477224947442,0.13834222006786234,89.66292922214436,100,2126
spatial_local,matched_spatial,raw,32,4,8,522,1536,1536,0,1536,48,48,6144,1584,4.0,0.12121212121212122,70.16666666666667,77,2109
spatial_local,matched_spatial,codec,32,4,8,522,1536,1536,0,1536,48,0,4272,1152,2.78125,0.16666666666666666,61.166666666666664,68,2100
spatial_local_mirror,matched_spatial,raw,4,1,3,74,1536,488,1048,488,122,122,1952,2074,4.0,0.0784313725490196,47.44467213114754,50,2085
spatial_local_mirror,matched_spatial,codec,4,1,3,74,1536,488,1048,488,122,122,1952,2074,4.0,0.0784313725490196,47.44467213114754,50,2085
spatial_local_mirror,matched_spatial,raw,4,2,5,74,1536,912,624,912,228,228,3648,2052,4.0,0.08888888888888889,23.74451754385965,26,2063
spatial_local_mirror,matched_spatial,codec,4,2,5,74,1536,912,624,912,228,228,3648,2052,4.0,0.08888888888888889,23.74451754385965,26,2063
spatial_local_mirror,matched_spatial,raw,4,4,8,74,1536,1536,0,1536,384,384,6144,1920,4.0,0.1,9.5,11,2053
spatial_local_mirror,matched_spatial,codec,4,4,8,74,1536,1536,0,1536,384,384,6144,1920,4.0,0.1,9.5,11,2053
spatial_local_mirror,matched_spatial,raw,8,1,3,138,1536,508,1028,508,64,64,2032,2096,4.0,0.08078880407124682,77.73818897637796,93,2112
spatial_local_mirror,matched_spatial,codec,8,1,3,138,1536,508,1028,508,64,64,2032,2096,4.0,0.08078880407124682,77.73818897637796,93,2112
spatial_local_mirror,matched_spatial,raw,8,2,5,138,1536,969,567,969,122,122,3876,2060,4.0,0.09407766990291262,38.52115583075335,45,2078
spatial_local_mirror,matched_spatial,codec,8,2,5,138,1536,969,567,969,122,122,3876,2060,4.0,0.09407766990291262,38.52115583075335,45,2078
spatial_local_mirror,matched_spatial,raw,8,4,8,138,1536,1536,0,1536,192,192,6144,1728,4.0,0.1111111111111111,18.166666666666668,21,2061
spatial_local_mirror,matched_spatial,codec,8,4,8,138,1536,1536,0,1536,192,192,6144,1728,4.0,0.1111111111111111,18.166666666666668,21,2061
spatial_local_mirror,matched_spatial,raw,16,1,3,266,1536,519,1017,519,33,33,2076,2109,4.0,0.0820293978188715,138.63005780346822,179,2139
spatial_local_mirror,matched_spatial,codec,16,1,3,266,1536,580,956,580,37,1,2068,2105,3.56551724137931,0.09184481393507522,123.64137931034483,158,2132
spatial_local_mirror,matched_spatial,raw,16,2,5,266,1536,1000,536,1000,63,63,4000,2063,4.0,0.09694619486185167,68.638,83,2094
spatial_local_mirror,matched_spatial,codec,16,2,5,266,1536,1099,437,1099,69,1,3920,2063,3.56687898089172,0.10654386815317499,62.0400363967243,74,2097
spatial_local_mirror,matched_spatial,raw,16,4,8,266,1536,1536,0,1536,96,96,6144,1632,4.0,0.11764705882352941,35.5,39,2077
spatial_local_mirror,matched_spatial,codec,16,4,8,266,1536,1536,0,1536,96,0,5472,1536,3.5625,0.125,34.5,38,2076
spatial_local_mirror,matched_spatial,raw,32,1,3,522,1536,548,988,548,18,18,2192,2210,4.0,0.08265460030165912,259.5109489051095,349,2273
spatial_local_mirror,matched_spatial,codec,32,1,3,522,1536,753,783,753,24,1,2115,2139,2.808764940239044,0.11734455352968677,180.43957503320053,232,2200
spatial_local_mirror,matched_spatial,raw,32,2,5,522,1536,1028,508,1028,33,33,4112,2089,4.0,0.0984202967927238,129.22081712062257,157,2160
spatial_local_mirror,matched_spatial,codec,32,2,5,522,1536,1427,109,1427,45,1,3992,2063,2.797477224947442,0.13834222006786234,89.66292922214436,100,2126
spatial_local_mirror,matched_spatial,raw,32,4,8,522,1536,1536,0,1536,48,48,6144,1584,4.0,0.12121212121212122,70.16666666666667,77,2109
spatial_local_mirror,matched_spatial,codec,32,4,8,522,1536,1536,0,1536,48,0,4272,1152,2.78125,0.16666666666666666,61.166666666666664,68,2100
timing_pair_s3901,timing_pair,raw,4,1,3,74,1259,491,768,491,123,123,1964,2087,4.0,0.07842197731991694,75.63951120162933,101,2103
timing_pair_s3901,timing_pair,codec,4,1,3,74,1259,491,768,491,123,123,1964,2087,4.0,0.07842197731991694,75.63951120162933,101,2103
timing_pair_s3901,timing_pair,raw,4,2,5,74,1259,907,352,907,228,228,3628,2042,4.0,0.08883447600391772,28.679162072767365,49,2057
timing_pair_s3901,timing_pair,codec,4,2,5,74,1259,907,352,907,228,228,3628,2042,4.0,0.08883447600391772,28.679162072767365,49,2057
timing_pair_s3901,timing_pair,raw,4,4,8,74,1259,1252,7,1252,332,332,5008,1584,4.0,0.09880050505050506,9.222044728434504,16,2050
timing_pair_s3901,timing_pair,codec,4,4,8,74,1259,1252,7,1252,332,332,5008,1584,4.0,0.09880050505050506,9.222044728434504,16,2050
timing_pair_s3901,timing_pair,raw,8,1,3,138,1259,511,748,511,64,64,2044,2108,4.0,0.08080328905755851,104.22504892367905,131,2134
timing_pair_s3901,timing_pair,codec,8,1,3,138,1259,520,739,520,65,52,2041,2106,3.925,0.0823045267489712,102.05576923076923,129,2133
timing_pair_s3901,timing_pair,raw,8,2,5,138,1259,961,298,961,121,121,3844,2043,4.0,0.09407733724914341,42.17585848074922,63,2068
timing_pair_s3901,timing_pair,codec,8,2,5,138,1259,961,298,961,121,121,3844,2043,4.0,0.09407733724914341,42.17585848074922,63,2068
timing_pair_s3901,timing_pair,raw,8,4,8,138,1259,1253,6,1253,157,157,5012,1410,4.0,0.11108156028368794,18.424581005586592,30,2062
timing_pair_s3901,timing_pair,codec,8,4,8,138,1259,1253,6,1253,157,157,5012,1410,4.0,0.11108156028368794,18.424581005586592,30,2062
timing_pair_s3901,timing_pair,raw,16,1,3,266,1259,524,735,524,33,33,2096,2129,4.0,0.08204164709566307,164.36259541984734,193,2172
timing_pair_s3901,timing_pair,codec,16,1,3,266,1259,540,719,540,34,22,2092,2126,3.8740740740740742,0.08466603951081844,158.48333333333332,191,2169
timing_pair_s3901,timing_pair,raw,16,2,5,266,1259,993,266,993,63,63,3972,2049,4.0,0.09692532942898975,72.57200402819738,94,2094
timing_pair_s3901,timing_pair,codec,16,2,5,266,1259,993,266,993,63,63,3972,2049,4.0,0.09692532942898975,72.57200402819738,94,2094
timing_pair_s3901,timing_pair,raw,16,4,8,266,1259,1253,6,1253,79,79,5012,1332,4.0,0.11758633633633633,36.904229848363926,52,2065
timing_pair_s3901,timing_pair,codec,16,4,8,266,1259,1253,6,1253,79,79,5012,1332,4.0,0.11758633633633633,36.904229848363926,52,2065
timing_pair_s3901,timing_pair,raw,32,1,3,522,1259,544,715,544,17,17,2176,2193,4.0,0.082687338501292,285.01838235294116,369,2281
timing_pair_s3901,timing_pair,codec,32,1,3,522,1259,544,715,544,17,17,2176,2193,4.0,0.082687338501292,285.01838235294116,369,2281
timing_pair_s3901,timing_pair,raw,32,2,5,522,1259,1013,246,1013,32,32,4052,2058,4.0,0.09844509232264334,132.68706811451136,174,2135
timing_pair_s3901,timing_pair,codec,32,2,5,522,1259,1013,246,1013,32,32,4052,2058,4.0,0.09844509232264334,132.68706811451136,174,2135
timing_pair_s3901,timing_pair,raw,32,4,8,522,1259,1253,6,1253,40,40,5012,1293,4.0,0.12113302397525136,74.01197126895451,96,2097
timing_pair_s3901,timing_pair,codec,32,4,8,522,1259,1253,6,1253,40,40,5012,1293,4.0,0.12113302397525136,74.01197126895451,96,2097
timing_pair_s3902,timing_pair,raw,4,1,3,74,1279,496,783,496,125,125,1984,2109,4.0,0.07839418365734155,74.3508064516129,100,2119
timing_pair_s3902,timing_pair,codec,4,1,3,74,1279,496,783,496,125,125,1984,2109,4.0,0.07839418365734155,74.3508064516129,100,2119
timing_pair_s3902,timing_pair,raw,4,2,5,74,1279,913,366,913,229,229,3652,2055,4.0,0.08885644768856447,28.05476451259584,50,2068
timing_pair_s3902,timing_pair,codec,4,2,5,74,1279,913,366,913,229,229,3652,2055,4.0,0.08885644768856447,28.05476451259584,50,2068
timing_pair_s3902,timing_pair,raw,4,4,8,74,1279,1266,13,1266,329,329,5064,1595,4.0,0.09921630094043887,9.394944707740915,16,2055
timing_pair_s3902,timing_pair,codec,4,4,8,74,1279,1266,13,1266,329,329,5064,1595,4.0,0.09921630094043887,9.394944707740915,16,2055
timing_pair_s3902,timing_pair,raw,8,1,3,138,1279,515,764,515,65,65,2060,2125,4.0,0.08078431372549019,104.67961165048544,131,2143
timing_pair_s3902,timing_pair,codec,8,1,3,138,1279,521,758,521,66,54,2048,2114,3.930902111324376,0.08215074109113844,103.56813819577735,130,2133
timing_pair_s3902,timing_pair,raw,8,2,5,138,1279,968,311,968,121,121,3872,2057,4.0,0.09411764705882353,42.10123966942149,63,2080
timing_pair_s3902,timing_pair,codec,8,2,5,138,1279,968,311,968,121,121,3872,2057,4.0,0.09411764705882353,42.10123966942149,63,2080
timing_pair_s3902,timing_pair,raw,8,4,8,138,1279,1268,11,1268,159,159,5072,1427,4.0,0.11107217939733707,18.368296529968454,30,2061
timing_pair_s3902,timing_pair,codec,8,4,8,138,1279,1268,11,1268,159,159,5072,1427,4.0,0.11107217939733707,18.368296529968454,30,2061
timing_pair_s3902,timing_pair,raw,16,1,3,266,1279,527,752,527,33,33,2108,2141,4.0,0.08204888681301573,164.91650853889942,194,2182
timing_pair_s3902,timing_pair,codec,16,1,3,266,1279,550,729,550,35,19,2108,2143,3.8327272727272725,0.08554985223207341,158.10363636363635,194,2175
timing_pair_s3902,timing_pair,raw,16,2,5,266,1279,999,280,999,63,63,3996,2061,4.0,0.09694323144104804,73.3893893893894,94,2095
timing_pair_s3902,timing_pair,codec,16,2,5,266,1279,999,280,999,63,63,3996,2061,4.0,0.09694323144104804,73.3893893893894,94,2095
timing_pair_s3902,timing_pair,raw,16,4,8,266,1279,1268,11,1268,80,80,5072,1348,4.0,0.11758160237388723,36.65220820189275,51,2077
timing_pair_s3902,timing_pair,codec,16,4,8,266,1279,1268,11,1268,80,80,5072,1348,4.0,0.11758160237388723,36.65220820189275,51,2077
timing_pair_s3902,timing_pair,raw,32,1,3,522,1279,551,728,551,18,18,2204,2222,4.0,0.08265826582658266,284.11615245009074,365,2278
timing_pair_s3902,timing_pair,codec,32,1,3,522,1279,551,728,551,18,18,2204,2222,4.0,0.08265826582658266,284.11615245009074,365,2278
timing_pair_s3902,timing_pair,raw,32,2,5,522,1279,1021,258,1021,32,32,4084,2074,4.0,0.09845708775313404,132.21449559255632,169,2149
timing_pair_s3902,timing_pair,codec,32,2,5,522,1279,1021,258,1021,32,32,4084,2074,4.0,0.09845708775313404,132.21449559255632,169,2149
timing_pair_s3902,timing_pair,raw,32,4,8,522,1279,1268,11,1268,40,40,5072,1308,4.0,0.12117737003058104,73.29258675078864,100,2092
timing_pair_s3902,timing_pair,codec,32,4,8,522,1279,1268,11,1268,40,40,5072,1308,4.0,0.12117737003058104,73.29258675078864,100,2092
uniform_l0p125_s2001,uniform,raw,4,1,3,74,251,251,0,251,157,157,1004,1161,4.0,0.0720643123743899,15.087649402390438,28,2048
uniform_l0p125_s2001,uniform,codec,4,1,3,74,251,251,0,251,157,157,1004,1161,4.0,0.0720643123743899,15.087649402390438,28,2048
uniform_l0p125_s2001,uniform,raw,4,2,5,74,251,251,0,251,161,161,1004,663,4.0,0.07571644042232277,10.127490039840637,17,2048
uniform_l0p125_s2001,uniform,codec,4,2,5,74,251,251,0,251,161,161,1004,663,4.0,0.07571644042232277,10.127490039840637,17,2048
uniform_l0p125_s2001,uniform,raw,4,4,8,74,251,251,0,251,161,161,1004,412,4.0,0.07615291262135922,8.06772908366534,14,2048
uniform_l0p125_s2001,uniform,codec,4,4,8,74,251,251,0,251,161,161,1004,412,4.0,0.07615291262135922,8.06772908366534,14,2048
uniform_l0p125_s2001,uniform,raw,8,1,3,138,251,250,1,250,90,90,1000,1090,4.0,0.0764525993883792,34.148,67,2052
uniform_l0p125_s2001,uniform,codec,8,1,3,138,251,250,1,250,90,90,1000,1090,4.0,0.0764525993883792,34.148,67,2052
uniform_l0p125_s2001,uniform,raw,8,2,5,138,251,251,0,251,93,93,1004,595,4.0,0.08436974789915966,24.01593625498008,51,2048
uniform_l0p125_s2001,uniform,codec,8,2,5,138,251,251,0,251,93,93,1004,595,4.0,0.08436974789915966,24.01593625498008,51,2048
uniform_l0p125_s2001,uniform,raw,8,4,8,138,251,251,0,251,93,93,1004,344,4.0,0.0912063953488372,19.808764940239044,44,2048
uniform_l0p125_s2001,uniform,codec,8,4,8,138,251,251,0,251,93,93,1004,344,4.0,0.0912063953488372,19.808764940239044,44,2048
uniform_l0p125_s2001,uniform,raw,16,1,3,266,251,247,4,247,33,33,988,1021,4.0,0.08063989552726085,91.21862348178138,181,2090
uniform_l0p125_s2001,uniform,codec,16,1,3,266,251,247,4,247,33,33,988,1021,4.0,0.08063989552726085,91.21862348178138,181,2090
uniform_l0p125_s2001,uniform,raw,16,2,5,266,251,251,0,251,35,35,1004,537,4.0,0.09348230912476722,65.77290836653387,135,2070
uniform_l0p125_s2001,uniform,codec,16,2,5,266,251,251,0,251,35,35,1004,537,4.0,0.09348230912476722,65.77290836653387,135,2070
uniform_l0p125_s2001,uniform,raw,16,4,8,266,251,251,0,251,35,35,1004,286,4.0,0.1097027972027972,55.1593625498008,119,2060
uniform_l0p125_s2001,uniform,codec,16,4,8,266,251,251,0,251,35,35,1004,286,4.0,0.1097027972027972,55.1593625498008,119,2060
uniform_l0p125_s2001,uniform,raw,32,1,3,522,251,250,1,250,10,10,1000,1010,4.0,0.08250825082508251,241.308,380,2143
uniform_l0p125_s2001,uniform,codec,32,1,3,522,251,250,1,250,10,10,1000,1010,4.0,0.08250825082508251,241.308,380,2143
uniform_l0p125_s2001,uniform,raw,32,2,5,522,251,251,0,251,10,10,1004,512,4.0,0.098046875,185.29880478087648,316,2105
uniform_l0p125_s2001,uniform,codec,32,2,5,522,251,251,0,251,10,10,1004,512,4.0,0.098046875,185.29880478087648,316,2105
uniform_l0p125_s2001,uniform,raw,32,4,8,522,251,251,0,251,10,10,1004,261,4.0,0.12021072796934866,157.1195219123506,284,2086
uniform_l0p125_s2001,uniform,codec,32,4,8,522,251,251,0,251,10,10,1004,261,4.0,0.12021072796934866,157.1195219123506,284,2086
uniform_l0p125_s2002,uniform,raw,4,1,3,74,261,261,0,261,158,158,1044,1202,4.0,0.0723793677204659,16.306513409961685,34,2048
uniform_l0p125_s2002,uniform,codec,4,1,3,74,261,261,0,261,158,158,1044,1202,4.0,0.0723793677204659,16.306513409961685,34,2048
uniform_l0p125_s2002,uniform,raw,4,2,5,74,261,261,0,261,163,163,1044,685,4.0,0.07620437956204379,10.647509578544062,20,2048
uniform_l0p125_s2002,uniform,codec,4,2,5,74,261,261,0,261,163,163,1044,685,4.0,0.07620437956204379,10.647509578544062,20,2048
uniform_l0p125_s2002,uniform,raw,4,4,8,74,261,261,0,261,163,163,1044,424,4.0,0.07694575471698113,8.46743295019157,16,2048
uniform_l0p125_s2002,uniform,codec,4,4,8,74,261,261,0,261,163,163,1044,424,4.0,0.07694575471698113,8.46743295019157,16,2048
uniform_l0p125_s2002,uniform,raw,8,1,3,138,261,259,2,259,87,87,1036,1123,4.0,0.07687741169486495,37.77992277992278,71,2048
uniform_l0p125_s2002,uniform,codec,8,1,3,138,261,259,2,259,87,87,1036,1123,4.0,0.07687741169486495,37.77992277992278,71,2048
uniform_l0p125_s2002,uniform,raw,8,2,5,138,261,261,0,261,88,88,1044,610,4.0,0.08557377049180327,26.49808429118774,56,2048
uniform_l0p125_s2002,uniform,codec,8,2,5,138,261,261,0,261,88,88,1044,610,4.0,0.08557377049180327,26.49808429118774,56,2048
uniform_l0p125_s2002,uniform,raw,8,4,8,138,261,261,0,261,88,88,1044,349,4.0,0.09348137535816618,21.628352490421456,49,2048
uniform_l0p125_s2002,uniform,codec,8,4,8,138,261,261,0,261,88,88,1044,349,4.0,0.09348137535816618,21.628352490421456,49,2048
uniform_l0p125_s2002,uniform,raw,16,1,3,266,261,260,1,260,31,31,1040,1071,4.0,0.08092125739184562,90.0,165,2082
uniform_l0p125_s2002,uniform,codec,16,1,3,266,261,260,1,260,31,31,1040,1071,4.0,0.08092125739184562,90.0,165,2082
uniform_l0p125_s2002,uniform,raw,16,2,5,266,261,261,0,261,32,32,1044,554,4.0,0.09422382671480145,66.64367816091954,133,2064
uniform_l0p125_s2002,uniform,codec,16,2,5,266,261,261,0,261,32,32,1044,554,4.0,0.09422382671480145,66.64367816091954,133,2064
uniform_l0p125_s2002,uniform,raw,16,4,8,266,261,261,0,261,32,32,1044,293,4.0,0.1113481228668942,55.54406130268199,117,2055
uniform_l0p125_s2002,uniform,codec,16,4,8,266,261,261,0,261,32,32,1044,293,4.0,0.1113481228668942,55.54406130268199,117,2055
uniform_l0p125_s2002,uniform,raw,32,1,3,522,261,261,0,261,10,10,1044,1054,4.0,0.0825426944971537,231.71264367816093,423,2127
uniform_l0p125_s2002,uniform,codec,32,1,3,522,261,261,0,261,10,10,1044,1054,4.0,0.0825426944971537,231.71264367816093,423,2127
uniform_l0p125_s2002,uniform,raw,32,2,5,522,261,261,0,261,10,10,1044,532,4.0,0.0981203007518797,173.75862068965517,359,2081
uniform_l0p125_s2002,uniform,codec,32,2,5,522,261,261,0,261,10,10,1044,532,4.0,0.0981203007518797,173.75862068965517,359,2081
uniform_l0p125_s2002,uniform,raw,32,4,8,522,261,261,0,261,10,10,1044,271,4.0,0.12038745387453874,145.28735632183907,327,2070
uniform_l0p125_s2002,uniform,codec,32,4,8,522,261,261,0,261,10,10,1044,271,4.0,0.12038745387453874,145.28735632183907,327,2070
uniform_l0p125_s2003,uniform,raw,4,1,3,74,231,231,0,231,150,150,924,1074,4.0,0.07169459962756052,14.545454545454545,26,2048
uniform_l0p125_s2003,uniform,codec,4,1,3,74,231,231,0,231,150,150,924,1074,4.0,0.07169459962756052,14.545454545454545,26,2048
uniform_l0p125_s2003,uniform,raw,4,2,5,74,231,231,0,231,151,151,924,613,4.0,0.07536704730831974,9.857142857142858,17,2048
uniform_l0p125_s2003,uniform,codec,4,2,5,74,231,231,0,231,151,151,924,613,4.0,0.07536704730831974,9.857142857142858,17,2048
uniform_l0p125_s2003,uniform,raw,4,4,8,74,231,231,0,231,151,151,924,382,4.0,0.0755890052356021,7.9004329004329,14,2048
uniform_l0p125_s2003,uniform,codec,4,4,8,74,231,231,0,231,151,151,924,382,4.0,0.0755890052356021,7.9004329004329,14,2048
uniform_l0p125_s2003,uniform,raw,8,1,3,138,231,231,0,231,94,94,924,1018,4.0,0.0756385068762279,30.744588744588743,71,2065
uniform_l0p125_s2003,uniform,codec,8,1,3,138,231,231,0,231,94,94,924,1018,4.0,0.0756385068762279,30.744588744588743,71,2065
uniform_l0p125_s2003,uniform,raw,8,2,5,138,231,231,0,231,98,98,924,560,4.0,0.0825,21.774891774891774,55,2057
uniform_l0p125_s2003,uniform,codec,8,2,5,138,231,231,0,231,98,98,924,560,4.0,0.0825,21.774891774891774,55,2057
uniform_l0p125_s2003,uniform,raw,8,4,8,138,231,231,0,231,98,98,924,329,4.0,0.08776595744680851,18.056277056277057,47,2053
uniform_l0p125_s2003,uniform,codec,8,4,8,138,231,231,0,231,98,98,924,329,4.0,0.08776595744680851,18.056277056277057,47,2053
uniform_l0p125_s2003,uniform,raw,16,1,3,266,231,230,1,230,37,37,920,957,4.0,0.08011145942180425,86.19130434782609,175,2068
uniform_l0p125_s2003,uniform,codec,16,1,3,266,231,230,1,230,37,37,920,957,4.0,0.08011145942180425,86.19130434782609,175,2068
uniform_l0p125_s2003,uniform,raw,16,2,5,266,231,231,0,231,37,37,924,499,4.0,0.09258517034068137,65.19047619047619,149,2060
uniform_l0p125_s2003,uniform,codec,16,2,5,266,231,231,0,231,37,37,924,499,4.0,0.09258517034068137,65.19047619047619,149,2060
uniform_l0p125_s2003,uniform,raw,16,4,8,266,231,231,0,231,37,37,924,268,4.0,0.10774253731343283,55.06926406926407,136,2056
uniform_l0p125_s2003,uniform,codec,16,4,8,266,231,231,0,231,37,37,924,268,4.0,0.10774253731343283,55.06926406926407,136,2056
uniform_l0p125_s2003,uniform,raw,32,1,3,522,231,231,0,231,13,13,924,937,4.0,0.08217716115261472,217.96969696969697,400,2088
uniform_l0p125_s2003,uniform,codec,32,1,3,522,231,231,0,231,13,13,924,937,4.0,0.08217716115261472,217.96969696969697,400,2088
uniform_l0p125_s2003,uniform,raw,32,2,5,522,231,231,0,231,13,13,924,475,4.0,0.09726315789473684,164.87012987012986,336,2072
uniform_l0p125_s2003,uniform,codec,32,2,5,522,231,231,0,231,13,13,924,475,4.0,0.09726315789473684,164.87012987012986,336,2072
uniform_l0p125_s2003,uniform,raw,32,4,8,522,231,231,0,231,13,13,924,244,4.0,0.11834016393442623,138.56277056277057,304,2064
uniform_l0p125_s2003,uniform,codec,32,4,8,522,231,231,0,231,13,13,924,244,4.0,0.11834016393442623,138.56277056277057,304,2064
uniform_l0p50_s2001,uniform,raw,4,1,3,74,982,492,490,492,123,123,1968,2091,4.0,0.0784313725490196,66.9369918699187,101,2099
uniform_l0p50_s2001,uniform,codec,4,1,3,74,982,492,490,492,123,123,1968,2091,4.0,0.0784313725490196,66.9369918699187,101,2099
uniform_l0p50_s2001,uniform,raw,4,2,5,74,982,893,89,893,232,232,3572,2018,4.0,0.08850346878097126,19.67525195968645,35,2061
uniform_l0p50_s2001,uniform,codec,4,2,5,74,982,893,89,893,232,232,3572,2018,4.0,0.08850346878097126,19.67525195968645,35,2061
uniform_l0p50_s2001,uniform,raw,4,4,8,74,982,982,0,982,270,270,3928,1252,4.0,0.09804313099041534,9.176171079429736,15,2053
uniform_l0p50_s2001,uniform,codec,4,4,8,74,982,982,0,982,270,268,3922,1252,3.9938900203665986,0.09804313099041534,9.176171079429736,15,2053
uniform_l0p50_s2001,uniform,raw,8,1,3,138,982,510,472,510,64,64,2040,2104,4.0,0.08079847908745247,96.54509803921569,131,2122
uniform_l0p50_s2001,uniform,codec,8,1,3,138,982,515,467,515,65,59,2042,2107,3.9650485436893206,0.08147445024521437,94.04854368932038,129,2122
uniform_l0p50_s2001,uniform,raw,8,2,5,138,982,933,49,933,118,118,3732,1984,4.0,0.09405241935483871,32.965702036441584,48,2069
uniform_l0p50_s2001,uniform,codec,8,2,5,138,982,933,49,933,118,118,3732,1984,4.0,0.09405241935483871,32.965702036441584,48,2069
uniform_l0p50_s2001,uniform,raw,8,4,8,138,982,982,0,982,125,125,3928,1107,4.0,0.11088527551942186,19.790224032586558,35,2061
uniform_l0p50_s2001,uniform,codec,8,4,8,138,982,982,0,982,125,125,3928,1107,4.0,0.11088527551942186,19.790224032586558,35,2061
uniform_l0p50_s2001,uniform,raw,16,1,3,266,982,524,458,524,33,33,2096,2129,4.0,0.08204164709566307,157.6698473282443,194,2170
uniform_l0p50_s2001,uniform,codec,16,1,3,266,982,530,452,530,34,30,2104,2138,3.969811320754717,0.08263174306205176,154.4867924528302,191,2176
uniform_l0p50_s2001,uniform,raw,16,2,5,266,982,956,26,956,60,60,3824,1972,4.0,0.09695740365111562,61.34414225941423,86,2084
uniform_l0p50_s2001,uniform,codec,16,2,5,266,982,956,26,956,60,60,3824,1972,4.0,0.09695740365111562,61.34414225941423,86,2084
uniform_l0p50_s2001,uniform,raw,16,4,8,266,982,982,0,982,62,62,3928,1044,4.0,0.11757662835249043,40.47148676171079,67,2076
uniform_l0p50_s2001,uniform,codec,16,4,8,266,982,982,0,982,62,62,3928,1044,4.0,0.11757662835249043,40.47148676171079,67,2076
uniform_l0p50_s2001,uniform,raw,32,1,3,522,982,542,440,542,17,17,2168,2185,4.0,0.08268497330282228,274.0369003690037,360,2271
uniform_l0p50_s2001,uniform,codec,32,1,3,522,982,542,440,542,17,17,2168,2185,4.0,0.08268497330282228,274.0369003690037,360,2271
uniform_l0p50_s2001,uniform,raw,32,2,5,522,982,968,14,968,31,31,3872,1967,4.0,0.09842399593289274,116.50309917355372,149,2125
uniform_l0p50_s2001,uniform,codec,32,2,5,522,982,968,14,968,31,31,3872,1967,4.0,0.09842399593289274,116.50309917355372,149,2125
uniform_l0p50_s2001,uniform,raw,32,4,8,522,982,982,0,982,31,31,3928,1013,4.0,0.12117472852912142,79.9989816700611,114,2092
uniform_l0p50_s2001,uniform,codec,32,4,8,522,982,982,0,982,31,31,3928,1013,4.0,0.12117472852912142,79.9989816700611,114,2092
uniform_l0p50_s2002,uniform,raw,4,1,3,74,1038,497,541,497,125,125,1988,2113,4.0,0.07840353368039123,68.35412474849095,101,2119
uniform_l0p50_s2002,uniform,codec,4,1,3,74,1038,497,541,497,125,125,1988,2113,4.0,0.07840353368039123,68.35412474849095,101,2119
uniform_l0p50_s2002,uniform,raw,4,2,5,74,1038,902,136,902,232,232,3608,2036,4.0,0.08860510805500982,22.352549889135254,49,2067
uniform_l0p50_s2002,uniform,codec,4,2,5,74,1038,902,136,902,232,232,3608,2036,4.0,0.08860510805500982,22.352549889135254,49,2067
uniform_l0p50_s2002,uniform,raw,4,4,8,74,1038,1038,0,1038,279,279,4152,1317,4.0,0.09851936218678815,9.213872832369942,16,2054
uniform_l0p50_s2002,uniform,codec,4,4,8,74,1038,1038,0,1038,279,279,4152,1317,4.0,0.09851936218678815,9.213872832369942,16,2054
uniform_l0p50_s2002,uniform,raw,8,1,3,138,1038,517,521,517,65,65,2068,2133,4.0,0.0807938740428192,98.14506769825918,131,2150
uniform_l0p50_s2002,uniform,codec,8,1,3,138,1038,519,519,519,65,59,2058,2123,3.9653179190751446,0.0814884597268017,96.78227360308286,130,2142
uniform_l0p50_s2002,uniform,raw,8,2,5,138,1038,945,93,945,119,119,3780,2009,4.0,0.09407665505226481,35.5005291005291,60,2079
uniform_l0p50_s2002,uniform,codec,8,2,5,138,1038,945,93,945,119,119,3780,2009,4.0,0.09407665505226481,35.5005291005291,60,2079
uniform_l0p50_s2002,uniform,raw,8,4,8,138,1038,1038,0,1038,131,131,4152,1169,4.0,0.1109923011120616,19.228323699421967,34,2062
uniform_l0p50_s2002,uniform,codec,8,4,8,138,1038,1038,0,1038,131,131,4152,1169,4.0,0.1109923011120616,19.228323699421967,34,2062
uniform_l0p50_s2002,uniform,raw,16,1,3,266,1038,528,510,528,33,33,2112,2145,4.0,0.08205128205128205,157.96780303030303,193,2195
uniform_l0p50_s2002,uniform,codec,16,1,3,266,1038,535,503,535,34,29,2117,2151,3.9570093457943925,0.08290717495738416,156.06355140186915,192,2192
uniform_l0p50_s2002,uniform,raw,16,2,5,266,1038,971,67,971,61,61,3884,2003,4.0,0.09695456814777834,64.07621009268794,89,2096
uniform_l0p50_s2002,uniform,codec,16,2,5,266,1038,971,67,971,61,61,3884,2003,4.0,0.09695456814777834,64.07621009268794,89,2096
uniform_l0p50_s2002,uniform,raw,16,4,8,266,1038,1038,0,1038,65,65,4152,1103,4.0,0.11763372620126926,39.09730250481696,65,2076
uniform_l0p50_s2002,uniform,codec,16,4,8,266,1038,1038,0,1038,65,65,4152,1103,4.0,0.11763372620126926,39.09730250481696,65,2076
uniform_l0p50_s2002,uniform,raw,32,1,3,522,1038,545,493,545,18,18,2180,2198,4.0,0.08265089475280558,277.57064220183486,364,2296
uniform_l0p50_s2002,uniform,codec,32,1,3,522,1038,545,493,545,18,18,2180,2198,4.0,0.08265089475280558,277.57064220183486,364,2296
uniform_l0p50_s2002,uniform,raw,32,2,5,522,1038,987,51,987,31,31,3948,2005,4.0,0.09845386533665836,121.73353596757852,163,2143
uniform_l0p50_s2002,uniform,codec,32,2,5,522,1038,987,51,987,31,31,3948,2005,4.0,0.09845386533665836,121.73353596757852,163,2143
uniform_l0p50_s2002,uniform,raw,32,4,8,522,1038,1038,0,1038,33,33,4152,1071,4.0,0.1211484593837535,78.61560693641619,115,2102
uniform_l0p50_s2002,uniform,codec,32,4,8,522,1038,1038,0,1038,33,33,4152,1071,4.0,0.1211484593837535,78.61560693641619,115,2102
uniform_l0p50_s2003,uniform,raw,4,1,3,74,1032,494,538,494,124,124,1976,2100,4.0,0.0784126984126984,69.46356275303644,101,2104
uniform_l0p50_s2003,uniform,codec,4,1,3,74,1032,494,538,494,124,124,1976,2100,4.0,0.0784126984126984,69.46356275303644,101,2104
uniform_l0p50_s2003,uniform,raw,4,2,5,74,1032,905,127,905,235,235,3620,2045,4.0,0.08850855745721271,21.8,49,2068
uniform_l0p50_s2003,uniform,codec,4,2,5,74,1032,905,127,905,235,235,3620,2045,4.0,0.08850855745721271,21.8,49,2068
uniform_l0p50_s2003,uniform,raw,4,4,8,74,1032,1032,0,1032,290,290,4128,1322,4.0,0.09757942511346444,9.069767441860465,16,2054
uniform_l0p50_s2003,uniform,codec,4,4,8,74,1032,1032,0,1032,290,290,4128,1322,4.0,0.09757942511346444,9.069767441860465,16,2054
uniform_l0p50_s2003,uniform,raw,8,1,3,138,1032,514,518,514,65,65,2056,2121,4.0,0.08077950652208078,98.67120622568093,130,2131
uniform_l0p50_s2003,uniform,codec,8,1,3,138,1032,515,517,515,65,63,2054,2119,3.9883495145631067,0.08101305647317918,96.46796116504855,131,2130
uniform_l0p50_s2003,uniform,raw,8,2,5,138,1032,957,75,957,121,121,3828,2035,4.0,0.09405405405405405,34.86102403343783,58,2079
uniform_l0p50_s2003,uniform,codec,8,2,5,138,1032,957,75,957,121,121,3828,2035,4.0,0.09405405405405405,34.86102403343783,58,2079
uniform_l0p50_s2003,uniform,raw,8,4,8,138,1032,1032,0,1032,131,131,4128,1163,4.0,0.11092003439380911,19.349806201550386,32,2062
uniform_l0p50_s2003,uniform,codec,8,4,8,138,1032,1032,0,1032,131,131,4128,1163,4.0,0.11092003439380911,19.349806201550386,32,2062
uniform_l0p50_s2003,uniform,raw,16,1,3,266,1032,530,502,530,34,34,2120,2154,4.0,0.08201795109873104,158.12452830188678,193,2180
uniform_l0p50_s2003,uniform,codec,16,1,3,266,1032,535,497,535,34,31,2123,2157,3.9682242990654206,0.08267655694637614,157.36635514018693,192,2181
uniform_l0p50_s2003,uniform,raw,16,2,5,266,1032,989,43,989,62,62,3956,2040,4.0,0.09696078431372548,62.359959555106165,90,2105
uniform_l0p50_s2003,uniform,codec,16,2,5,266,1032,989,43,989,62,62,3956,2040,4.0,0.09696078431372548,62.359959555106165,90,2105
uniform_l0p50_s2003,uniform,raw,16,4,8,266,1032,1032,0,1032,65,65,4128,1097,4.0,0.11759343664539654,39.10077519379845,62,2072
uniform_l0p50_s2003,uniform,codec,16,4,8,266,1032,1032,0,1032,65,65,4128,1097,4.0,0.11759343664539654,39.10077519379845,62,2072
uniform_l0p50_s2003,uniform,raw,32,1,3,522,1032,552,480,552,18,18,2208,2226,4.0,0.08265947888589398,277.44202898550725,361,2278
uniform_l0p50_s2003,uniform,codec,32,1,3,522,1032,552,480,552,18,18,2208,2226,4.0,0.08265947888589398,277.44202898550725,361,2278
uniform_l0p50_s2003,uniform,raw,32,2,5,522,1032,1008,24,1008,32,32,4032,2048,4.0,0.0984375,118.1140873015873,151,2138
uniform_l0p50_s2003,uniform,codec,32,2,5,522,1032,1008,24,1008,32,32,4032,2048,4.0,0.0984375,118.1140873015873,151,2138
uniform_l0p50_s2003,uniform,raw,32,4,8,522,1032,1032,0,1032,33,33,4128,1065,4.0,0.12112676056338029,78.3875968992248,111,2104
uniform_l0p50_s2003,uniform,codec,32,4,8,522,1032,1032,0,1032,33,33,4128,1065,4.0,0.12112676056338029,78.3875968992248,111,2104
uniform_l0p90_s2001,uniform,raw,4,1,3,74,1868,498,1370,498,125,125,1992,2117,4.0,0.07841284837033538,81.58032128514056,101,2121
uniform_l0p90_s2001,uniform,codec,4,1,3,74,1868,498,1370,498,125,125,1992,2117,4.0,0.07841284837033538,81.58032128514056,101,2121
uniform_l0p90_s2001,uniform,raw,4,2,5,74,1868,922,946,922,231,231,3688,2075,4.0,0.08886746987951807,35.73861171366595,52,2079
uniform_l0p90_s2001,uniform,codec,4,2,5,74,1868,922,946,922,231,231,3688,2075,4.0,0.08886746987951807,35.73861171366595,52,2079
uniform_l0p90_s2001,uniform,raw,4,4,8,74,1868,1641,227,1641,411,411,6564,2052,4.0,0.09996345029239766,12.227300426569165,21,2060
uniform_l0p90_s2001,uniform,codec,4,4,8,74,1868,1641,227,1641,411,411,6564,2052,4.0,0.09996345029239766,12.227300426569165,21,2060
uniform_l0p90_s2001,uniform,raw,8,1,3,138,1868,519,1349,519,65,65,2076,2141,4.0,0.08080336291452592,111.66666666666667,131,2154
uniform_l0p90_s2001,uniform,codec,8,1,3,138,1868,535,1333,535,67,40,2059,2126,3.8485981308411215,0.08388209470053308,107.70841121495327,128,2139
uniform_l0p90_s2001,uniform,raw,8,2,5,138,1868,980,888,980,123,123,3920,2083,4.0,0.09409505520883342,49.689795918367345,67,2093
uniform_l0p90_s2001,uniform,codec,8,2,5,138,1868,980,888,980,123,122,3917,2082,3.996938775510204,0.0941402497598463,48.95918367346939,66,2092
uniform_l0p90_s2001,uniform,raw,8,4,8,138,1868,1807,61,1807,226,226,7228,2033,4.0,0.11110427939006394,18.214720531267293,26,2066
uniform_l0p90_s2001,uniform,codec,8,4,8,138,1868,1807,61,1807,226,226,7228,2033,4.0,0.11110427939006394,18.214720531267293,26,2066
uniform_l0p90_s2001,uniform,raw,16,1,3,266,1868,535,1333,535,34,34,2140,2174,4.0,0.08203005213124809,171.82990654205608,194,2195
uniform_l0p90_s2001,uniform,codec,16,1,3,266,1868,561,1307,561,36,16,2120,2156,3.7789661319073082,0.08673469387755102,161.77005347593584,187,2182
uniform_l0p90_s2001,uniform,raw,16,2,5,266,1868,1016,852,1016,64,64,4064,2096,4.0,0.09694656488549619,79.66633858267717,96,2118
uniform_l0p90_s2001,uniform,codec,16,2,5,266,1868,1019,849,1019,64,59,4049,2091,3.973503434739941,0.09746532759445241,79.23159960745829,96,2116
uniform_l0p90_s2001,uniform,raw,16,4,8,266,1868,1861,7,1861,117,117,7444,1978,4.0,0.11760616784630941,33.25631380977969,41,2080
uniform_l0p90_s2001,uniform,codec,16,4,8,266,1868,1861,7,1861,117,117,7444,1978,4.0,0.11760616784630941,33.25631380977969,41,2080
uniform_l0p90_s2001,uniform,raw,32,1,3,522,1868,560,1308,560,18,18,2240,2258,4.0,0.0826690286389135,292.57142857142856,370,2306
uniform_l0p90_s2001,uniform,codec,32,1,3,522,1868,560,1308,560,18,17,2233,2251,3.9875,0.08292610691544498,292.37142857142857,370,2299
uniform_l0p90_s2001,uniform,raw,32,2,5,522,1868,1038,830,1038,33,33,4152,2109,4.0,0.0984352773826458,141.90077071290943,176,2158
uniform_l0p90_s2001,uniform,codec,32,2,5,522,1868,1038,830,1038,33,33,4152,2109,4.0,0.0984352773826458,141.90077071290943,176,2158
uniform_l0p90_s2001,uniform,raw,32,4,8,522,1868,1868,0,1868,59,59,7472,1927,4.0,0.12117280747275558,65.51498929336188,75,2111
uniform_l0p90_s2001,uniform,codec,32,4,8,522,1868,1868,0,1868,59,59,7472,1927,4.0,0.12117280747275558,65.51498929336188,75,2111
uniform_l0p90_s2002,uniform,raw,4,1,3,74,1851,498,1353,498,125,125,1992,2117,4.0,0.07841284837033538,82.33534136546184,101,2121
uniform_l0p90_s2002,uniform,codec,4,1,3,74,1851,498,1353,498,125,125,1992,2117,4.0,0.07841284837033538,82.33534136546184,101,2121
uniform_l0p90_s2002,uniform,raw,4,2,5,74,1851,923,928,923,231,231,3692,2077,4.0,0.0888781896966779,35.79523293607801,53,2082
uniform_l0p90_s2002,uniform,codec,4,2,5,74,1851,923,928,923,231,231,3692,2077,4.0,0.0888781896966779,35.79523293607801,53,2082
uniform_l0p90_s2002,uniform,raw,4,4,8,74,1851,1643,208,1643,411,411,6572,2054,4.0,0.09998782862706913,12.284844796104686,22,2059
uniform_l0p90_s2002,uniform,codec,4,4,8,74,1851,1643,208,1643,411,411,6572,2054,4.0,0.09998782862706913,12.284844796104686,22,2059
uniform_l0p90_s2002,uniform,raw,8,1,3,138,1851,518,1333,518,65,65,2072,2137,4.0,0.08079862735922633,111.31853281853282,131,2149
uniform_l0p90_s2002,uniform,codec,8,1,3,138,1851,535,1316,535,67,41,2062,2129,3.8542056074766355,0.08376389541255676,107.85607476635514,128,2142
uniform_l0p90_s2002,uniform,raw,8,2,5,138,1851,978,873,978,123,123,3912,2079,4.0,0.09408369408369409,50.420245398773005,67,2090
uniform_l0p90_s2002,uniform,codec,8,2,5,138,1851,983,868,983,123,117,3914,2083,3.981688708036623,0.09438310129620739,50.224821973550355,66,2096
uniform_l0p90_s2002,uniform,raw,8,4,8,138,1851,1793,58,1793,225,225,7172,2018,4.0,0.11106293359762141,18.209704406023423,26,2063
uniform_l0p90_s2002,uniform,codec,8,4,8,138,1851,1793,58,1793,225,225,7172,2018,4.0,0.11106293359762141,18.209704406023423,26,2063
uniform_l0p90_s2002,uniform,raw,16,1,3,266,1851,532,1319,532,34,34,2128,2162,4.0,0.08202281837804502,172.16353383458647,194,2181
uniform_l0p90_s2002,uniform,codec,16,1,3,266,1851,573,1278,573,36,11,2137,2173,3.729493891797557,0.0878969167050161,159.92670157068062,189,2201
uniform_l0p90_s2002,uniform,raw,16,2,5,266,1851,1017,834,1017,64,64,4068,2098,4.0,0.0969494756911344,80.90953785644051,97,2122
uniform_l0p90_s2002,uniform,codec,16,2,5,266,1851,1019,832,1019,64,56,4048,2092,3.97252208047105,0.0974187380497132,80.04219823356232,97,2118
uniform_l0p90_s2002,uniform,raw,16,4,8,266,1851,1842,9,1842,116,116,7368,1958,4.0,0.11759448416751787,33.35233441910967,40,2079
uniform_l0p90_s2002,uniform,codec,16,4,8,266,1851,1842,9,1842,116,116,7368,1958,4.0,0.11759448416751787,33.35233441910967,40,2079
uniform_l0p90_s2002,uniform,raw,32,1,3,522,1851,559,1292,559,18,18,2236,2254,4.0,0.08266784974859509,293.78890876565293,370,2303
uniform_l0p90_s2002,uniform,codec,32,1,3,522,1851,559,1292,559,18,17,2233,2251,3.994633273703041,0.0827780245816674,293.7084078711986,370,2300
uniform_l0p90_s2002,uniform,raw,32,2,5,522,1851,1037,814,1037,33,33,4148,2107,4.0,0.09843379212149976,142.64127290260367,177,2159
uniform_l0p90_s2002,uniform,codec,32,2,5,522,1851,1037,814,1037,33,33,4148,2107,4.0,0.09843379212149976,142.64127290260367,177,2159
uniform_l0p90_s2002,uniform,raw,32,4,8,522,1851,1849,2,1849,58,58,7396,1907,4.0,0.12119821709491348,65.79718766901027,74,2109
uniform_l0p90_s2002,uniform,codec,32,4,8,522,1851,1849,2,1849,58,58,7396,1907,4.0,0.12119821709491348,65.79718766901027,74,2109
uniform_l0p90_s2003,uniform,raw,4,1,3,74,1837,498,1339,498,125,125,1992,2117,4.0,0.07841284837033538,81.6285140562249,101,2121
uniform_l0p90_s2003,uniform,codec,4,1,3,74,1837,498,1339,498,125,125,1992,2117,4.0,0.07841284837033538,81.6285140562249,101,2121
uniform_l0p90_s2003,uniform,raw,4,2,5,74,1837,921,916,921,231,231,3684,2073,4.0,0.08885672937771345,35.273615635179155,53,2077
uniform_l0p90_s2003,uniform,codec,4,2,5,74,1837,921,916,921,231,231,3684,2073,4.0,0.08885672937771345,35.273615635179155,53,2077
uniform_l0p90_s2003,uniform,raw,4,4,8,74,1837,1640,197,1640,410,410,6560,2050,4.0,0.1,12.10609756097561,21,2061
uniform_l0p90_s2003,uniform,codec,4,4,8,74,1837,1640,197,1640,410,410,6560,2050,4.0,0.1,12.10609756097561,21,2061
uniform_l0p90_s2003,uniform,raw,8,1,3,138,1837,516,1321,516,65,65,2064,2129,4.0,0.08078910286519493,110.96317829457364,131,2139
uniform_l0p90_s2003,uniform,codec,8,1,3,138,1837,534,1303,534,67,41,2058,2125,3.853932584269663,0.08376470588235294,107.16292134831461,130,2137
uniform_l0p90_s2003,uniform,raw,8,2,5,138,1837,978,859,978,123,123,3912,2079,4.0,0.09408369408369409,50.03680981595092,67,2090
uniform_l0p90_s2003,uniform,codec,8,2,5,138,1837,980,857,980,123,117,3902,2077,3.9816326530612245,0.09436687530091478,49.70918367346939,66,2087
uniform_l0p90_s2003,uniform,raw,8,4,8,138,1837,1797,40,1797,225,225,7188,2022,4.0,0.11109050445103857,17.998887033945465,24,2066
uniform_l0p90_s2003,uniform,codec,8,4,8,138,1837,1797,40,1797,225,225,7188,2022,4.0,0.11109050445103857,17.998887033945465,24,2066
uniform_l0p90_s2003,uniform,raw,16,1,3,266,1837,536,1301,536,34,34,2144,2178,4.0,0.08203244566880931,171.9160447761194,194,2200
uniform_l0p90_s2003,uniform,codec,16,1,3,266,1837,565,1272,565,36,12,2120,2156,3.752212389380531,0.08735312306740878,161.01769911504425,187,2175
uniform_l0p90_s2003,uniform,raw,16,2,5,266,1837,1016,821,1016,64,64,4064,2096,4.0,0.09694656488549619,79.74409448818898,97,2118
uniform_l0p90_s2003,uniform,codec,16,2,5,266,1837,1017,820,1017,64,59,4053,2093,3.9852507374631267,0.09718107978977544,79.80825958702064,97,2116
uniform_l0p90_s2003,uniform,raw,16,4,8,266,1837,1835,2,1835,115,115,7340,1950,4.0,0.11762820512820513,33.30408719346049,41,2081
uniform_l0p90_s2003,uniform,codec,16,4,8,266,1837,1835,2,1835,115,115,7340,1950,4.0,0.11762820512820513,33.30408719346049,41,2081
uniform_l0p90_s2003,uniform,raw,32,1,3,522,1837,559,1278,559,18,18,2236,2254,4.0,0.08266784974859509,292.38461538461536,369,2301
uniform_l0p90_s2003,uniform,codec,32,1,3,522,1837,559,1278,559,18,17,2229,2247,3.987477638640429,0.08292538199080256,292.19677996422183,369,2294
uniform_l0p90_s2003,uniform,raw,32,2,5,522,1837,1037,800,1037,33,33,4148,2107,4.0,0.09843379212149976,142.60848601735776,178,2157
uniform_l0p90_s2003,uniform,codec,32,2,5,522,1837,1037,800,1037,33,33,4148,2107,4.0,0.09843379212149976,142.60848601735776,178,2157
uniform_l0p90_s2003,uniform,raw,32,4,8,522,1837,1837,0,1837,58,58,7348,1895,4.0,0.12117414248021108,65.94828524768644,75,2111
uniform_l0p90_s2003,uniform,codec,32,4,8,522,1837,1837,0,1837,58,58,7348,1895,4.0,0.12117414248021108,65.94828524768644,75,2111
uniform_l1p00_s2001,uniform,raw,4,1,3,74,2048,497,1551,497,125,125,1988,2113,4.0,0.07840353368039123,82.77464788732394,101,2116
uniform_l1p00_s2001,uniform,codec,4,1,3,74,2048,497,1551,497,125,125,1988,2113,4.0,0.07840353368039123,82.77464788732394,101,2116
uniform_l1p00_s2001,uniform,raw,4,2,5,74,2048,923,1125,923,231,231,3692,2077,4.0,0.0888781896966779,37.262188515709646,53,2082
uniform_l1p00_s2001,uniform,codec,4,2,5,74,2048,923,1125,923,231,231,3692,2077,4.0,0.0888781896966779,37.262188515709646,53,2082
uniform_l1p00_s2001,uniform,raw,4,4,8,74,2048,1644,404,1644,411,411,6576,2055,4.0,0.1,13.930656934306569,24,2061
uniform_l1p00_s2001,uniform,codec,4,4,8,74,2048,1644,404,1644,411,411,6576,2055,4.0,0.1,13.930656934306569,24,2061
uniform_l1p00_s2001,uniform,raw,8,1,3,138,2048,517,1531,517,65,65,2068,2133,4.0,0.0807938740428192,113.83365570599614,131,2144
uniform_l1p00_s2001,uniform,codec,8,1,3,138,2048,535,1513,535,67,40,2059,2126,3.8485981308411215,0.08388209470053308,108.32336448598132,128,2139
uniform_l1p00_s2001,uniform,raw,8,2,5,138,2048,978,1070,978,123,123,3912,2079,4.0,0.09408369408369409,51.60838445807771,67,2090
uniform_l1p00_s2001,uniform,codec,8,2,5,138,2048,985,1063,985,124,111,3901,2081,3.9604060913705585,0.09466602594906295,50.92893401015228,66,2093
uniform_l1p00_s2001,uniform,raw,8,4,8,138,2048,1824,224,1824,228,228,7296,2052,4.0,0.1111111111111111,19.859649122807017,27,2066
uniform_l1p00_s2001,uniform,codec,8,4,8,138,2048,1824,224,1824,228,228,7296,2052,4.0,0.1111111111111111,19.859649122807017,27,2066
uniform_l1p00_s2001,uniform,raw,16,1,3,266,2048,534,1514,534,34,34,2136,2170,4.0,0.08202764976958525,173.81086142322098,194,2190
uniform_l1p00_s2001,uniform,codec,16,1,3,266,2048,571,1477,571,36,12,2136,2172,3.7408056042031523,0.0876304481276857,160.89667250437827,189,2197
uniform_l1p00_s2001,uniform,raw,16,2,5,266,2048,1013,1035,1013,64,64,4052,2090,4.0,0.0969377990430622,81.928923988154,98,2114
uniform_l1p00_s2001,uniform,codec,16,2,5,266,2048,1025,1023,1025,65,49,4032,2089,3.933658536585366,0.09813307802776448,80.77463414634147,96,2117
uniform_l1p00_s2001,uniform,raw,16,4,8,266,2048,1931,117,1931,121,121,7724,2052,4.0,0.11762914230019493,35.0072501294666,42,2081
uniform_l1p00_s2001,uniform,codec,16,4,8,266,2048,1931,117,1931,121,121,7724,2052,4.0,0.11762914230019493,35.0072501294666,42,2081
uniform_l1p00_s2001,uniform,raw,32,1,3,522,2048,559,1489,559,18,18,2236,2254,4.0,0.08266784974859509,294.47227191413236,369,2299
uniform_l1p00_s2001,uniform,codec,32,1,3,522,2048,559,1489,559,18,16,2230,2248,3.9892665474060824,0.08288849347568208,293.9159212880143,369,2293
uniform_l1p00_s2001,uniform,raw,32,2,5,522,2048,1037,1011,1037,33,33,4148,2107,4.0,0.09843379212149976,143.73481195756992,178,2155
uniform_l1p00_s2001,uniform,codec,32,2,5,522,2048,1038,1010,1038,33,32,4149,2108,3.9971098265895955,0.0984819734345351,143.64739884393063,178,2155
uniform_l1p00_s2001,uniform,raw,32,4,8,522,2048,1989,59,1989,63,63,7956,2052,4.0,0.12116228070175439,66.43388637506284,72,2113
uniform_l1p00_s2001,uniform,codec,32,4,8,522,2048,1989,59,1989,63,63,7956,2052,4.0,0.12116228070175439,66.43388637506284,72,2113
uniform_l1p00_s2002,uniform,raw,4,1,3,74,2048,499,1549,499,125,125,1996,2121,4.0,0.07842212792707842,84.11022044088176,101,2126
uniform_l1p00_s2002,uniform,codec,4,1,3,74,2048,499,1549,499,125,125,1996,2121,4.0,0.07842212792707842,84.11022044088176,101,2126
uniform_l1p00_s2002,uniform,raw,4,2,5,74,2048,924,1124,924,231,231,3696,2079,4.0,0.08888888888888889,37.98701298701299,53,2085
uniform_l1p00_s2002,uniform,codec,4,2,5,74,2048,924,1124,924,231,231,3696,2079,4.0,0.08888888888888889,37.98701298701299,53,2085
uniform_l1p00_s2002,uniform,raw,4,4,8,74,2048,1645,403,1645,412,412,6580,2057,4.0,0.09996353913466213,14.070516717325228,25,2062
uniform_l1p00_s2002,uniform,codec,4,4,8,74,2048,1645,403,1645,412,412,6580,2057,4.0,0.09996353913466213,14.070516717325228,25,2062
uniform_l1p00_s2002,uniform,raw,8,1,3,138,2048,519,1529,519,65,65,2076,2141,4.0,0.08080336291452592,113.22543352601156,131,2154
uniform_l1p00_s2002,uniform,codec,8,1,3,138,2048,540,1508,540,68,38,2070,2138,3.8333333333333335,0.08419083255378859,108.85,128,2148
uniform_l1p00_s2002,uniform,raw,8,2,5,138,2048,980,1068,980,123,123,3920,2083,4.0,0.09409505520883342,51.73367346938775,67,2093
uniform_l1p00_s2002,uniform,codec,8,2,5,138,2048,988,1060,988,124,105,3895,2081,3.9423076923076925,0.09495434887073523,51.121457489878544,66,2091
uniform_l1p00_s2002,uniform,raw,8,4,8,138,2048,1824,224,1824,228,228,7296,2052,4.0,0.1111111111111111,20.13486842105263,28,2066
uniform_l1p00_s2002,uniform,codec,8,4,8,138,2048,1824,224,1824,228,228,7296,2052,4.0,0.1111111111111111,20.13486842105263,28,2066
uniform_l1p00_s2002,uniform,raw,16,1,3,266,2048,536,1512,536,34,34,2144,2178,4.0,0.08203244566880931,174.65485074626866,194,2200
uniform_l1p00_s2002,uniform,codec,16,1,3,266,2048,576,1472,576,36,6,2114,2150,3.670138888888889,0.08930232558139535,159.703125,186,2180
uniform_l1p00_s2002,uniform,raw,16,2,5,266,2048,1016,1032,1016,64,64,4064,2096,4.0,0.09694656488549619,82.80708661417323,98,2118
uniform_l1p00_s2002,uniform,codec,16,2,5,266,2048,1032,1016,1032,65,48,4045,2096,3.919573643410853,0.0984732824427481,80.59593023255815,96,2118
uniform_l1p00_s2002,uniform,raw,16,4,8,266,2048,1931,117,1931,121,121,7724,2052,4.0,0.11762914230019493,34.85499741066805,41,2081
uniform_l1p00_s2002,uniform,codec,16,4,8,266,2048,1931,117,1931,121,121,7724,2052,4.0,0.11762914230019493,34.85499741066805,41,2081
uniform_l1p00_s2002,uniform,raw,32,1,3,522,2048,559,1489,559,18,18,2236,2254,4.0,0.08266784974859509,294.86940966010735,370,2299
uniform_l1p00_s2002,uniform,codec,32,1,3,522,2048,560,1488,560,18,15,2215,2233,3.955357142857143,0.08359456635318704,292.61785714285713,370,2279
uniform_l1p00_s2002,uniform,raw,32,2,5,522,2048,1039,1009,1039,33,33,4156,2111,4.0,0.0984367598294647,144.0837343599615,178,2157
uniform_l1p00_s2002,uniform,codec,32,2,5,522,2048,1039,1009,1039,33,32,4149,2108,3.9932627526467757,0.09857685009487666,143.89797882579404,177,2154
uniform_l1p00_s2002,uniform,raw,32,4,8,522,2048,1989,59,1989,63,63,7956,2052,4.0,0.12116228070175439,66.43438914027149,71,2113
uniform_l1p00_s2002,uniform,codec,32,4,8,522,2048,1989,59,1989,63,63,7956,2052,4.0,0.12116228070175439,66.43438914027149,71,2113
uniform_l1p00_s2003,uniform,raw,4,1,3,74,2048,498,1550,498,125,125,1992,2117,4.0,0.07841284837033538,84.12650602409639,101,2121
uniform_l1p00_s2003,uniform,codec,4,1,3,74,2048,498,1550,498,125,125,1992,2117,4.0,0.07841284837033538,84.12650602409639,101,2121
uniform_l1p00_s2003,uniform,raw,4,2,5,74,2048,923,1125,923,231,231,3692,2077,4.0,0.0888781896966779,38.014084507042256,53,2082
uniform_l1p00_s2003,uniform,codec,4,2,5,74,2048,923,1125,923,231,231,3692,2077,4.0,0.0888781896966779,38.014084507042256,53,2082
uniform_l1p00_s2003,uniform,raw,4,4,8,74,2048,1644,404,1644,411,411,6576,2055,4.0,0.1,13.806569343065693,25,2061
uniform_l1p00_s2003,uniform,codec,4,4,8,74,2048,1644,404,1644,411,411,6576,2055,4.0,0.1,13.806569343065693,25,2061
uniform_l1p00_s2003,uniform,raw,8,1,3,138,2048,518,1530,518,65,65,2072,2137,4.0,0.08079862735922633,113.11776061776062,131,2149
uniform_l1p00_s2003,uniform,codec,8,1,3,138,2048,534,1514,534,67,44,2067,2134,3.8707865168539324,0.08341143392689784,109.76404494382022,129,2146
uniform_l1p00_s2003,uniform,raw,8,2,5,138,2048,979,1069,979,123,123,3916,2081,4.0,0.0940893801057184,51.45965270684372,67,2091
uniform_l1p00_s2003,uniform,codec,8,2,5,138,2048,986,1062,986,124,105,3887,2077,3.9421906693711968,0.09494463168030813,51.15821501014199,66,2088
uniform_l1p00_s2003,uniform,raw,8,4,8,138,2048,1824,224,1824,228,228,7296,2052,4.0,0.1111111111111111,20.006030701754387,29,2066
uniform_l1p00_s2003,uniform,codec,8,4,8,138,2048,1824,224,1824,228,228,7296,2052,4.0,0.1111111111111111,20.006030701754387,29,2066
uniform_l1p00_s2003,uniform,raw,16,1,3,266,2048,536,1512,536,34,34,2144,2178,4.0,0.08203244566880931,174.19216417910448,194,2200
uniform_l1p00_s2003,uniform,codec,16,1,3,266,2048,576,1472,576,36,8,2116,2152,3.673611111111111,0.08921933085501858,159.82465277777777,184,2182
uniform_l1p00_s2003,uniform,raw,16,2,5,266,2048,1016,1032,1016,64,64,4064,2096,4.0,0.09694656488549619,81.85236220472441,98,2118
uniform_l1p00_s2003,uniform,codec,16,2,5,266,2048,1031,1017,1031,65,47,4038,2093,3.9165858389912707,0.09851887243191591,80.48302618816683,96,2115
uniform_l1p00_s2003,uniform,raw,16,4,8,266,2048,1931,117,1931,121,121,7724,2052,4.0,0.11762914230019493,34.86017607457276,41,2081
uniform_l1p00_s2003,uniform,codec,16,4,8,266,2048,1931,117,1931,121,121,7724,2052,4.0,0.11762914230019493,34.86017607457276,41,2081
uniform_l1p00_s2003,uniform,raw,32,1,3,522,2048,560,1488,560,18,18,2240,2258,4.0,0.0826690286389135,294.38214285714287,370,2304
uniform_l1p00_s2003,uniform,codec,32,1,3,522,2048,560,1488,560,18,17,2233,2251,3.9875,0.08292610691544498,294.1821428571429,370,2297
uniform_l1p00_s2003,uniform,raw,32,2,5,522,2048,1040,1008,1040,33,33,4160,2113,4.0,0.09843823946994794,143.87307692307692,178,2159
uniform_l1p00_s2003,uniform,codec,32,2,5,522,2048,1040,1008,1040,33,31,4146,2107,3.9865384615384616,0.09871855719031798,143.87980769230768,177,2155
uniform_l1p00_s2003,uniform,raw,32,4,8,522,2048,1989,59,1989,63,63,7956,2052,4.0,0.12116228070175439,66.40774258421317,72,2113
uniform_l1p00_s2003,uniform,codec,32,4,8,522,2048,1989,59,1989,63,63,7956,2052,4.0,0.12116228070175439,66.40774258421317,72,2113
uniform_l1p25_s2001,uniform,raw,4,1,3,74,2536,500,2036,500,125,125,2000,2125,4.0,0.0784313725490196,87.256,101,2131
uniform_l1p25_s2001,uniform,codec,4,1,3,74,2536,500,2036,500,125,125,2000,2125,4.0,0.0784313725490196,87.256,101,2131
uniform_l1p25_s2001,uniform,raw,4,2,5,74,2536,923,1613,923,231,231,3692,2077,4.0,0.0888781896966779,40.03466955579631,53,2082
uniform_l1p25_s2001,uniform,codec,4,2,5,74,2536,923,1613,923,231,231,3692,2077,4.0,0.0888781896966779,40.03466955579631,53,2082
uniform_l1p25_s2001,uniform,raw,4,4,8,74,2536,1647,889,1647,412,412,6588,2059,4.0,0.09998785818358426,16.70613236187007,29,2064
uniform_l1p25_s2001,uniform,codec,4,4,8,74,2536,1647,889,1647,412,412,6588,2059,4.0,0.09998785818358426,16.70613236187007,29,2064
uniform_l1p25_s2001,uniform,raw,8,1,3,138,2536,519,2017,519,65,65,2076,2141,4.0,0.08080336291452592,116.05202312138728,131,2154
uniform_l1p25_s2001,uniform,codec,8,1,3,138,2536,540,1996,540,68,38,2070,2138,3.8333333333333335,0.08419083255378859,111.42037037037036,130,2148
uniform_l1p25_s2001,uniform,raw,8,2,5,138,2536,979,1557,979,123,123,3916,2081,4.0,0.0940893801057184,53.55260469867211,67,2091
uniform_l1p25_s2001,uniform,codec,8,2,5,138,2536,996,1540,996,125,93,3888,2085,3.9036144578313254,0.09553956834532375,53.247991967871485,66,2095
uniform_l1p25_s2001,uniform,raw,8,4,8,138,2536,1828,708,1828,229,229,7312,2057,4.0,0.11108410306271269,22.73304157549234,32,2070
uniform_l1p25_s2001,uniform,codec,8,4,8,138,2536,1828,708,1828,229,228,7309,2057,3.99835886214442,0.11108410306271269,22.73304157549234,32,2070
uniform_l1p25_s2001,uniform,raw,16,1,3,266,2536,536,2000,536,34,34,2144,2178,4.0,0.08203244566880931,176.4160447761194,194,2200
uniform_l1p25_s2001,uniform,codec,16,1,3,266,2536,586,1950,586,37,5,2132,2169,3.638225255972696,0.09005686184109421,160.43003412969284,191,2193
uniform_l1p25_s2001,uniform,raw,16,2,5,266,2536,1016,1520,1016,64,64,4064,2096,4.0,0.09694656488549619,84.42913385826772,98,2118
uniform_l1p25_s2001,uniform,codec,16,2,5,266,2536,1042,1494,1042,66,37,4025,2093,3.862763915547025,0.09956999522216914,82.11804222648752,96,2120
uniform_l1p25_s2001,uniform,raw,16,4,8,266,2536,1934,602,1934,121,121,7736,2055,4.0,0.11763990267639902,38.00930713547053,48,2084
uniform_l1p25_s2001,uniform,codec,16,4,8,266,2536,1934,602,1934,121,121,7736,2055,4.0,0.11763990267639902,38.00930713547053,48,2084
uniform_l1p25_s2001,uniform,raw,32,1,3,522,2536,560,1976,560,18,18,2240,2258,4.0,0.0826690286389135,297.4946428571429,370,2304
uniform_l1p25_s2001,uniform,codec,32,1,3,522,2536,560,1976,560,18,8,2174,2192,3.882142857142857,0.0851581508515815,289.4732142857143,366,2238
uniform_l1p25_s2001,uniform,raw,32,2,5,522,2536,1040,1496,1040,33,33,4160,2113,4.0,0.09843823946994794,146.62884615384615,178,2159
uniform_l1p25_s2001,uniform,codec,32,2,5,522,2536,1048,1488,1048,33,27,4154,2113,3.963740458015267,0.09919545669663984,145.64026717557252,178,2167
uniform_l1p25_s2001,uniform,raw,32,4,8,522,2536,1991,545,1991,63,63,7964,2054,4.0,0.12116601752677703,69.46760421898543,79,2115
uniform_l1p25_s2001,uniform,codec,32,4,8,522,2536,1991,545,1991,63,63,7964,2054,4.0,0.12116601752677703,69.46760421898543,79,2115
uniform_l1p25_s2002,uniform,raw,4,1,3,74,2574,500,2074,500,125,125,2000,2125,4.0,0.0784313725490196,86.952,101,2131
uniform_l1p25_s2002,uniform,codec,4,1,3,74,2574,500,2074,500,125,125,2000,2125,4.0,0.0784313725490196,86.952,101,2131
uniform_l1p25_s2002,uniform,raw,4,2,5,74,2574,923,1651,923,231,231,3692,2077,4.0,0.0888781896966779,40.84615384615385,53,2082
uniform_l1p25_s2002,uniform,codec,4,2,5,74,2574,923,1651,923,231,231,3692,2077,4.0,0.0888781896966779,40.84615384615385,53,2082
uniform_l1p25_s2002,uniform,raw,4,4,8,74,2574,1647,927,1647,412,412,6588,2059,4.0,0.09998785818358426,17.247723132969035,28,2064
uniform_l1p25_s2002,uniform,codec,4,4,8,74,2574,1647,927,1647,412,412,6588,2059,4.0,0.09998785818358426,17.247723132969035,28,2064
uniform_l1p25_s2002,uniform,raw,8,1,3,138,2574,519,2055,519,65,65,2076,2141,4.0,0.08080336291452592,116.42196531791907,131,2154
uniform_l1p25_s2002,uniform,codec,8,1,3,138,2574,541,2033,541,68,38,2074,2142,3.833641404805915,0.08418923124805477,111.69870609981515,128,2153
uniform_l1p25_s2002,uniform,raw,8,2,5,138,2574,980,1594,980,123,123,3920,2083,4.0,0.09409505520883342,54.768367346938774,67,2093
uniform_l1p25_s2002,uniform,codec,8,2,5,138,2574,995,1579,995,125,92,3881,2082,3.900502512562814,0.09558117195004803,53.65427135678392,66,2092
uniform_l1p25_s2002,uniform,raw,8,4,8,138,2574,1827,747,1827,229,229,7308,2056,4.0,0.11107733463035019,23.11658456486043,33,2069
uniform_l1p25_s2002,uniform,codec,8,4,8,138,2574,1827,747,1827,229,228,7305,2056,3.9983579638752054,0.11107733463035019,23.11658456486043,33,2069
uniform_l1p25_s2002,uniform,raw,16,1,3,266,2574,535,2039,535,34,34,2140,2174,4.0,0.08203005213124809,177.74953271028036,194,2195
uniform_l1p25_s2002,uniform,codec,16,1,3,266,2574,588,1986,588,37,4,2133,2170,3.627551020408163,0.09032258064516129,159.6768707482993,182,2196
uniform_l1p25_s2002,uniform,raw,16,2,5,266,2574,1015,1559,1015,64,64,4060,2094,4.0,0.09694364851957975,85.07586206896552,98,2116
uniform_l1p25_s2002,uniform,codec,16,2,5,266,2574,1046,1528,1046,66,32,4018,2092,3.841300191204589,0.1,82.22179732313576,96,2115
uniform_l1p25_s2002,uniform,raw,16,4,8,266,2574,1932,642,1932,121,121,7728,2053,4.0,0.11763273258645884,38.14751552795031,47,2082
uniform_l1p25_s2002,uniform,codec,16,4,8,266,2574,1932,642,1932,121,120,7725,2053,3.998447204968944,0.11763273258645884,38.14751552795031,47,2082
uniform_l1p25_s2002,uniform,raw,32,1,3,522,2574,560,2014,560,18,18,2240,2258,4.0,0.0826690286389135,297.91964285714283,370,2304
uniform_l1p25_s2002,uniform,codec,32,1,3,522,2574,560,2014,560,18,15,2215,2233,3.955357142857143,0.08359456635318704,294.63214285714287,370,2279
uniform_l1p25_s2002,uniform,raw,32,2,5,522,2574,1039,1535,1039,33,33,4156,2111,4.0,0.0984367598294647,147.4725697786333,178,2157
uniform_l1p25_s2002,uniform,codec,32,2,5,522,2574,1063,1511,1063,34,23,4171,2125,3.9238005644402634,0.1000470588235294,144.70178739416744,177,2179
uniform_l1p25_s2002,uniform,raw,32,4,8,522,2574,1992,582,1992,63,63,7968,2055,4.0,0.12116788321167883,69.54518072289157,79,2116
uniform_l1p25_s2002,uniform,codec,32,4,8,522,2574,1992,582,1992,63,63,7968,2055,4.0,0.12116788321167883,69.54518072289157,79,2116
uniform_l1p25_s2003,uniform,raw,4,1,3,74,2550,500,2050,500,125,125,2000,2125,4.0,0.0784313725490196,87.728,101,2131
uniform_l1p25_s2003,uniform,codec,4,1,3,74,2550,500,2050,500,125,125,2000,2125,4.0,0.0784313725490196,87.728,101,2131
uniform_l1p25_s2003,uniform,raw,4,2,5,74,2550,924,1626,924,231,231,3696,2079,4.0,0.08888888888888889,40.35281385281385,53,2085
uniform_l1p25_s2003,uniform,codec,4,2,5,74,2550,924,1626,924,231,231,3696,2079,4.0,0.08888888888888889,40.35281385281385,53,2085
uniform_l1p25_s2003,uniform,raw,4,4,8,74,2550,1647,903,1647,412,412,6588,2059,4.0,0.09998785818358426,17.224650880388584,28,2064
uniform_l1p25_s2003,uniform,codec,4,4,8,74,2550,1647,903,1647,412,412,6588,2059,4.0,0.09998785818358426,17.224650880388584,28,2064
uniform_l1p25_s2003,uniform,raw,8,1,3,138,2550,519,2031,519,65,65,2076,2141,4.0,0.08080336291452592,117.11368015414259,131,2154
uniform_l1p25_s2003,uniform,codec,8,1,3,138,2550,542,2008,542,68,38,2078,2146,3.8339483394833946,0.08418763591177385,110.41328413284133,128,2158
uniform_l1p25_s2003,uniform,raw,8,2,5,138,2550,982,1568,982,123,123,3928,2087,4.0,0.09410637278390034,54.579429735234214,67,2099
uniform_l1p25_s2003,uniform,codec,8,2,5,138,2550,996,1554,996,125,92,3885,2084,3.9006024096385543,0.09558541266794626,53.725903614457835,67,2094
uniform_l1p25_s2003,uniform,raw,8,4,8,138,2550,1826,724,1826,229,229,7304,2055,4.0,0.1110705596107056,23.249178532311063,33,2068
uniform_l1p25_s2003,uniform,codec,8,4,8,138,2550,1826,724,1826,229,227,7298,2055,3.99671412924425,0.1110705596107056,23.249178532311063,33,2068
uniform_l1p25_s2003,uniform,raw,16,1,3,266,2550,535,2015,535,34,34,2140,2174,4.0,0.08203005213124809,177.09719626168226,194,2195
uniform_l1p25_s2003,uniform,codec,16,1,3,266,2550,590,1960,590,37,3,2134,2171,3.616949152542373,0.09058805465991095,160.17118644067796,180,2199
uniform_l1p25_s2003,uniform,raw,16,2,5,266,2550,1016,1534,1016,64,64,4064,2096,4.0,0.09694656488549619,85.0,98,2118
uniform_l1p25_s2003,uniform,codec,16,2,5,266,2550,1044,1506,1044,66,31,4007,2087,3.8381226053639845,0.10004791566842357,82.46934865900383,97,2112
uniform_l1p25_s2003,uniform,raw,16,4,8,266,2550,1934,616,1934,121,121,7736,2055,4.0,0.11763990267639902,38.09617373319545,48,2084
uniform_l1p25_s2003,uniform,codec,16,4,8,266,2550,1934,616,1934,121,120,7733,2055,3.9984488107549123,0.11763990267639902,38.09617373319545,48,2084
uniform_l1p25_s2003,uniform,raw,32,1,3,522,2550,560,1990,560,18,18,2240,2258,4.0,0.0826690286389135,298.075,370,2304
uniform_l1p25_s2003,uniform,codec,32,1,3,522,2550,560,1990,560,18,14,2224,2242,3.9714285714285715,0.08325899494498959,296.24642857142857,369,2288
uniform_l1p25_s2003,uniform,raw,32,2,5,522,2550,1040,1510,1040,33,33,4160,2113,4.0,0.09843823946994794,147.4375,178,2159
uniform_l1p25_s2003,uniform,codec,32,2,5,522,2550,1046,1504,1046,33,25,4136,2105,3.954110898661568,0.09938242280285035,146.04302103250478,177,2157
uniform_l1p25_s2003,uniform,raw,32,4,8,522,2550,1992,558,1992,63,63,7968,2055,4.0,0.12116788321167883,69.63704819277109,79,2116
uniform_l1p25_s2003,uniform,codec,32,4,8,522,2550,1992,558,1992,63,63,7968,2055,4.0,0.12116788321167883,69.63704819277109,79,2116
uniform_l1p50_s2001,uniform,raw,4,1,3,74,3039,499,2540,499,125,125,1996,2121,4.0,0.07842212792707842,89.10220440881764,101,2126
uniform_l1p50_s2001,uniform,codec,4,1,3,74,3039,499,2540,499,125,125,1996,2121,4.0,0.07842212792707842,89.10220440881764,101,2126
uniform_l1p50_s2001,uniform,raw,4,2,5,74,3039,925,2114,925,232,232,3700,2082,4.0,0.0888568683957733,42.78594594594595,53,2086
uniform_l1p50_s2001,uniform,codec,4,2,5,74,3039,925,2114,925,232,232,3700,2082,4.0,0.0888568683957733,42.78594594594595,53,2086
uniform_l1p50_s2001,uniform,raw,4,4,8,74,3039,1647,1392,1647,412,412,6588,2059,4.0,0.09998785818358426,19.088646023072254,29,2064
uniform_l1p50_s2001,uniform,codec,4,4,8,74,3039,1647,1392,1647,412,412,6588,2059,4.0,0.09998785818358426,19.088646023072254,29,2064
uniform_l1p50_s2001,uniform,raw,8,1,3,138,3039,518,2521,518,65,65,2072,2137,4.0,0.08079862735922633,119.27992277992279,131,2149
uniform_l1p50_s2001,uniform,codec,8,1,3,138,3039,543,2496,543,68,34,2070,2138,3.8121546961325965,0.08465855940130963,112.72007366482505,126,2151
uniform_l1p50_s2001,uniform,raw,8,2,5,138,3039,982,2057,982,123,123,3928,2087,4.0,0.09410637278390034,56.426680244399186,67,2099
uniform_l1p50_s2001,uniform,codec,8,2,5,138,3039,1003,2036,1003,126,83,3883,2089,3.8713858424725824,0.09602680708472953,55.811565304087736,66,2099
uniform_l1p50_s2001,uniform,raw,8,4,8,138,3039,1830,1209,1830,229,229,7320,2059,4.0,0.11109762020398252,25.204371584699455,35,2072
uniform_l1p50_s2001,uniform,codec,8,4,8,138,3039,1830,1209,1830,229,223,7302,2059,3.9901639344262296,0.11109762020398252,25.204371584699455,35,2072
uniform_l1p50_s2001,uniform,raw,16,1,3,266,3039,535,2504,535,34,34,2140,2174,4.0,0.08203005213124809,179.13831775700933,194,2195
uniform_l1p50_s2001,uniform,codec,16,1,3,266,3039,590,2449,590,37,3,2130,2167,3.610169491525424,0.09075526842024303,161.29661016949152,185,2195
uniform_l1p50_s2001,uniform,raw,16,2,5,266,3039,1018,2021,1018,64,64,4072,2100,4.0,0.09695238095238096,87.21021611001964,98,2124
uniform_l1p50_s2001,uniform,codec,16,2,5,266,3039,1065,1974,1065,67,23,4024,2101,3.7784037558685446,0.10138029509757258,82.74178403755869,97,2124
uniform_l1p50_s2001,uniform,raw,16,4,8,266,3039,1934,1105,1934,121,121,7736,2055,4.0,0.11763990267639902,40.18976215098242,49,2084
uniform_l1p50_s2001,uniform,codec,16,4,8,266,3039,1935,1104,1935,121,116,7721,2055,3.9901808785529718,0.1177007299270073,40.11524547803617,49,2084
uniform_l1p50_s2001,uniform,raw,32,1,3,522,3039,560,2479,560,18,18,2240,2258,4.0,0.0826690286389135,300.17321428571427,369,2304
uniform_l1p50_s2001,uniform,codec,32,1,3,522,3039,560,2479,560,18,11,2191,2209,3.9125,0.08450279161007998,293.5339285714286,369,2255
uniform_l1p50_s2001,uniform,raw,32,2,5,522,3039,1039,2000,1039,33,33,4156,2111,4.0,0.0984367598294647,148.8055822906641,178,2157
uniform_l1p50_s2001,uniform,codec,32,2,5,522,3039,1070,1969,1070,34,19,4147,2115,3.8757009345794393,0.10118203309692671,144.98130841121494,177,2163
uniform_l1p50_s2001,uniform,raw,32,4,8,522,3039,1993,1046,1993,63,63,7972,2056,4.0,0.12116974708171206,71.5333667837431,81,2117
uniform_l1p50_s2001,uniform,codec,32,4,8,522,3039,1993,1046,1993,63,62,7969,2056,3.9984947315604615,0.12116974708171206,71.5333667837431,81,2117
uniform_l1p50_s2002,uniform,raw,4,1,3,74,3094,501,2593,501,126,126,2004,2130,4.0,0.0784037558685446,89.08383233532935,101,2133
uniform_l1p50_s2002,uniform,codec,4,1,3,74,3094,501,2593,501,126,126,2004,2130,4.0,0.0784037558685446,89.08383233532935,101,2133
uniform_l1p50_s2002,uniform,raw,4,2,5,74,3094,927,2167,927,232,232,3708,2086,4.0,0.08887823585810163,42.79611650485437,53,2091
uniform_l1p50_s2002,uniform,codec,4,2,5,74,3094,927,2167,927,232,232,3708,2086,4.0,0.08887823585810163,42.79611650485437,53,2091
uniform_l1p50_s2002,uniform,raw,4,4,8,74,3094,1648,1446,1648,412,412,6592,2060,4.0,0.1,19.31492718446602,29,2066
uniform_l1p50_s2002,uniform,codec,4,4,8,74,3094,1648,1446,1648,412,412,6592,2060,4.0,0.1,19.31492718446602,29,2066
uniform_l1p50_s2002,uniform,raw,8,1,3,138,3094,520,2574,520,65,65,2080,2145,4.0,0.08080808080808081,118.8576923076923,131,2159
uniform_l1p50_s2002,uniform,codec,8,1,3,138,3094,540,2554,540,68,37,2067,2135,3.827777777777778,0.08430913348946135,113.65185185185184,128,2145
uniform_l1p50_s2002,uniform,raw,8,2,5,138,3094,983,2111,983,123,123,3932,2089,4.0,0.09411201531833413,57.04374364191251,67,2102
uniform_l1p50_s2002,uniform,codec,8,2,5,138,3094,998,2096,998,125,85,3872,2081,3.879759519038076,0.09591542527630946,55.50801603206413,67,2093
uniform_l1p50_s2002,uniform,raw,8,4,8,138,3094,1828,1266,1828,229,229,7312,2057,4.0,0.11108410306271269,25.061816192560176,35,2070
uniform_l1p50_s2002,uniform,codec,8,4,8,138,3094,1828,1266,1828,229,221,7288,2057,3.9868708971553612,0.11108410306271269,25.061816192560176,35,2070
uniform_l1p50_s2002,uniform,raw,16,1,3,266,3094,535,2559,535,34,34,2140,2174,4.0,0.08203005213124809,178.37196261682243,194,2195
uniform_l1p50_s2002,uniform,codec,16,1,3,266,3094,592,2502,592,37,2,2123,2160,3.5861486486486487,0.09135802469135802,160.55067567567568,184,2190
uniform_l1p50_s2002,uniform,raw,16,2,5,266,3094,1019,2075,1019,64,64,4076,2102,4.0,0.09695528068506185,87.38272816486752,98,2127
uniform_l1p50_s2002,uniform,codec,16,2,5,266,3094,1068,2026,1068,67,16,4011,2098,3.75561797752809,0.10181124880838895,82.52153558052434,97,2124
uniform_l1p50_s2002,uniform,raw,16,4,8,266,3094,1935,1159,1935,121,121,7740,2056,4.0,0.11764348249027237,40.223255813953486,50,2085
uniform_l1p50_s2002,uniform,codec,16,4,8,266,3094,1938,1156,1938,122,117,7725,2057,3.986068111455108,0.11776859504132231,40.100103199174406,49,2086
uniform_l1p50_s2002,uniform,raw,32,1,3,522,3094,560,2534,560,18,18,2240,2258,4.0,0.0826690286389135,300.49642857142857,370,2304
uniform_l1p50_s2002,uniform,codec,32,1,3,522,3094,565,2529,565,18,9,2197,2215,3.888495575221239,0.08502633559066967,290.77522123893806,364,2266
uniform_l1p50_s2002,uniform,raw,32,2,5,522,3094,1041,2053,1041,33,33,4164,2115,4.0,0.09843971631205674,149.80403458213257,178,2162
uniform_l1p50_s2002,uniform,codec,32,2,5,522,3094,1085,2009,1085,34,8,4142,2118,3.817511520737327,0.1024551463644948,143.09769585253457,174,2177
uniform_l1p50_s2002,uniform,raw,32,4,8,522,3094,1993,1101,1993,63,63,7972,2056,4.0,0.12116974708171206,71.75363773206222,81,2117
uniform_l1p50_s2002,uniform,codec,32,4,8,522,3094,1996,1098,1996,63,61,7962,2055,3.9889779559118237,0.12141119221411192,71.69639278557115,80,2117
uniform_l1p50_s2003,uniform,raw,4,1,3,74,3045,500,2545,500,125,125,2000,2125,4.0,0.0784313725490196,88.798,101,2131
uniform_l1p50_s2003,uniform,codec,4,1,3,74,3045,500,2545,500,125,125,2000,2125,4.0,0.0784313725490196,88.798,101,2131
uniform_l1p50_s2003,uniform,raw,4,2,5,74,3045,925,2120,925,232,232,3700,2082,4.0,0.0888568683957733,42.79027027027027,53,2086
uniform_l1p50_s2003,uniform,codec,4,2,5,74,3045,925,2120,925,232,232,3700,2082,4.0,0.0888568683957733,42.79027027027027,53,2086
uniform_l1p50_s2003,uniform,raw,4,4,8,74,3045,1648,1397,1648,412,412,6592,2060,4.0,0.1,18.938106796116504,29,2066
uniform_l1p50_s2003,uniform,codec,4,4,8,74,3045,1648,1397,1648,412,412,6592,2060,4.0,0.1,18.938106796116504,29,2066
uniform_l1p50_s2003,uniform,raw,8,1,3,138,3045,520,2525,520,65,65,2080,2145,4.0,0.08080808080808081,118.15576923076924,131,2159
uniform_l1p50_s2003,uniform,codec,8,1,3,138,3045,543,2502,543,68,36,2076,2144,3.8232044198895028,0.08442164179104478,113.24309392265194,126,2157
uniform_l1p50_s2003,uniform,raw,8,2,5,138,3045,981,2064,981,123,123,3924,2085,4.0,0.09410071942446044,56.27217125382263,67,2096
uniform_l1p50_s2003,uniform,codec,8,2,5,138,3045,1003,2042,1003,126,81,3877,2087,3.8654037886340977,0.09611883085769046,54.954137587238286,66,2097
uniform_l1p50_s2003,uniform,raw,8,4,8,138,3045,1829,1216,1829,229,229,7316,2058,4.0,0.11109086491739553,25.103335155822855,35,2071
uniform_l1p50_s2003,uniform,codec,8,4,8,138,3045,1829,1216,1829,229,221,7292,2058,3.986878075451066,0.11109086491739553,25.103335155822855,35,2071
uniform_l1p50_s2003,uniform,raw,16,1,3,266,3045,539,2506,539,34,34,2156,2190,4.0,0.08203957382039574,179.07421150278293,194,2215
uniform_l1p50_s2003,uniform,codec,16,1,3,266,3045,592,2453,592,37,2,2131,2168,3.5996621621621623,0.0910209102091021,161.35472972972974,185,2198
uniform_l1p50_s2003,uniform,raw,16,2,5,266,3045,1019,2026,1019,64,64,4076,2102,4.0,0.09695528068506185,87.30421982335623,98,2127
uniform_l1p50_s2003,uniform,codec,16,2,5,266,3045,1065,1980,1065,67,26,4021,2098,3.775586854460094,0.10152526215443279,82.78122065727699,96,2121
uniform_l1p50_s2003,uniform,raw,16,4,8,266,3045,1937,1108,1937,122,122,7748,2059,4.0,0.11759349198640116,40.096541042849765,49,2088
uniform_l1p50_s2003,uniform,codec,16,4,8,266,3045,1937,1108,1937,122,118,7736,2059,3.9938048528652557,0.11759349198640116,40.096541042849765,49,2088
uniform_l1p50_s2003,uniform,raw,32,1,3,522,3045,560,2485,560,18,18,2240,2258,4.0,0.0826690286389135,299.6928571428571,370,2304
uniform_l1p50_s2003,uniform,codec,32,1,3,522,3045,563,2482,563,18,9,2181,2199,3.8738898756660745,0.08534182204032136,290.60746003552396,368,2248
uniform_l1p50_s2003,uniform,raw,32,2,5,522,3045,1040,2005,1040,33,33,4160,2113,4.0,0.09843823946994794,149.14807692307693,178,2159
uniform_l1p50_s2003,uniform,codec,32,2,5,522,3045,1067,1978,1067,34,20,4166,2124,3.9044048734770382,0.10047080979284369,145.9015932521087,177,2174
uniform_l1p50_s2003,uniform,raw,32,4,8,522,3045,1993,1052,1993,63,63,7972,2056,4.0,0.12116974708171206,71.49824385348721,80,2117
uniform_l1p50_s2003,uniform,codec,32,4,8,522,3045,1993,1052,1993,63,62,7969,2056,3.9984947315604615,0.12116974708171206,71.49824385348721,80,2117
uniform_l2p00_s2001,uniform,raw,4,1,3,74,4096,500,3596,500,125,125,2000,2125,4.0,0.0784313725490196,92.336,101,2131
uniform_l2p00_s2001,uniform,codec,4,1,3,74,4096,500,3596,500,125,125,2000,2125,4.0,0.0784313725490196,92.336,101,2131
uniform_l2p00_s2001,uniform,raw,4,2,5,74,4096,926,3170,926,232,232,3704,2084,4.0,0.08886756238003839,45.584233261339094,53,2088
uniform_l2p00_s2001,uniform,codec,4,2,5,74,4096,926,3170,926,232,232,3704,2084,4.0,0.08886756238003839,45.584233261339094,53,2088
uniform_l2p00_s2001,uniform,raw,4,4,8,74,4096,1651,2445,1651,413,413,6604,2064,4.0,0.09998788759689922,21.940036341611144,29,2069
uniform_l2p00_s2001,uniform,codec,4,4,8,74,4096,1651,2445,1651,413,413,6604,2064,4.0,0.09998788759689922,21.940036341611144,29,2069
uniform_l2p00_s2001,uniform,raw,8,1,3,138,4096,520,3576,520,65,65,2080,2145,4.0,0.08080808080808081,121.48076923076923,131,2159
uniform_l2p00_s2001,uniform,codec,8,1,3,138,4096,544,3552,544,68,35,2077,2145,3.818014705882353,0.08453768453768454,115.9283088235294,126,2159
uniform_l2p00_s2001,uniform,raw,8,2,5,138,4096,982,3114,982,123,123,3928,2087,4.0,0.09410637278390034,59.44195519348269,67,2099
uniform_l2p00_s2001,uniform,codec,8,2,5,138,4096,1009,3087,1009,127,70,3865,2088,3.830525272547076,0.09664750957854407,57.74331020812686,66,2100
uniform_l2p00_s2001,uniform,raw,8,4,8,138,4096,1833,2263,1833,230,230,7332,2063,4.0,0.11106398448860882,27.891980360065467,35,2076
uniform_l2p00_s2001,uniform,codec,8,4,8,138,4096,1833,2263,1833,230,181,7185,2063,3.9198036006546646,0.11106398448860882,27.891980360065467,35,2076
uniform_l2p00_s2001,uniform,raw,16,1,3,266,4096,541,3555,541,34,34,2164,2198,4.0,0.08204428268122535,182.0536044362292,194,2225
uniform_l2p00_s2001,uniform,codec,16,1,3,266,4096,592,3504,592,37,1,2120,2157,3.581081081081081,0.09148508731262556,163.52195945945945,183,2187
uniform_l2p00_s2001,uniform,raw,16,2,5,266,4096,1020,3076,1020,64,64,4080,2104,4.0,0.09695817490494296,90.09803921568627,98,2130
uniform_l2p00_s2001,uniform,codec,16,2,5,266,4096,1099,2997,1099,69,4,3997,2100,3.6369426751592355,0.10466666666666667,82.98726114649682,94,2125
uniform_l2p00_s2001,uniform,raw,16,4,8,266,4096,1939,2157,1939,122,122,7756,2061,4.0,0.11760067928190199,42.895306859205775,50,2090
uniform_l2p00_s2001,uniform,codec,16,4,8,266,4096,1954,2142,1954,123,81,7626,2061,3.902763561924258,0.11851043182920912,42.58341862845445,50,2090
uniform_l2p00_s2001,uniform,raw,32,1,3,522,4096,560,3536,560,18,18,2240,2258,4.0,0.0826690286389135,302.59464285714284,370,2304
uniform_l2p00_s2001,uniform,codec,32,1,3,522,4096,592,3504,592,19,3,2196,2215,3.7094594594594597,0.0890895410082769,281.0,357,2261
uniform_l2p00_s2001,uniform,raw,32,2,5,522,4096,1040,3056,1040,33,33,4160,2113,4.0,0.09843823946994794,152.13653846153846,178,2159
uniform_l2p00_s2001,uniform,codec,32,2,5,522,4096,1132,2964,1132,36,4,4148,2126,3.664310954063604,0.10649106302916275,140.45494699646642,175,2175
uniform_l2p00_s2001,uniform,raw,32,4,8,522,4096,1999,2097,1999,63,63,7996,2062,4.0,0.12118089233753637,74.45772886443221,82,2123
uniform_l2p00_s2001,uniform,codec,32,4,8,522,4096,2018,2078,2018,64,39,7889,2055,3.9093161546085233,0.12274939172749391,73.64073339940535,81,2122
uniform_l2p00_s2002,uniform,raw,4,1,3,74,4096,500,3596,500,125,125,2000,2125,4.0,0.0784313725490196,91.422,101,2131
uniform_l2p00_s2002,uniform,codec,4,1,3,74,4096,500,3596,500,125,125,2000,2125,4.0,0.0784313725490196,91.422,101,2131
uniform_l2p00_s2002,uniform,raw,4,2,5,74,4096,927,3169,927,232,232,3708,2086,4.0,0.08887823585810163,45.16504854368932,53,2091
uniform_l2p00_s2002,uniform,codec,4,2,5,74,4096,927,3169,927,232,232,3708,2086,4.0,0.08887823585810163,45.16504854368932,53,2091
uniform_l2p00_s2002,uniform,raw,4,4,8,74,4096,1650,2446,1650,413,413,6600,2063,4.0,0.09997576345128453,21.676969696969696,29,2068
uniform_l2p00_s2002,uniform,codec,4,4,8,74,4096,1650,2446,1650,413,413,6600,2063,4.0,0.09997576345128453,21.676969696969696,29,2068
uniform_l2p00_s2002,uniform,raw,8,1,3,138,4096,520,3576,520,65,65,2080,2145,4.0,0.08080808080808081,121.225,131,2159
uniform_l2p00_s2002,uniform,codec,8,1,3,138,4096,543,3553,543,68,36,2076,2144,3.8232044198895028,0.08442164179104478,115.58379373848987,128,2157
uniform_l2p00_s2002,uniform,raw,8,2,5,138,4096,982,3114,982,123,123,3928,2087,4.0,0.09410637278390034,59.18839103869654,67,2099
uniform_l2p00_s2002,uniform,codec,8,2,5,138,4096,1008,3088,1008,126,72,3870,2088,3.8392857142857144,0.09655172413793103,57.586309523809526,66,2102
uniform_l2p00_s2002,uniform,raw,8,4,8,138,4096,1831,2265,1831,229,229,7324,2060,4.0,0.11110436893203883,27.902785363189516,35,2073
uniform_l2p00_s2002,uniform,codec,8,4,8,138,4096,1831,2265,1831,229,192,7213,2060,3.939377389404697,0.11110436893203883,27.902785363189516,35,2073
uniform_l2p00_s2002,uniform,raw,16,1,3,266,4096,538,3558,538,34,34,2152,2186,4.0,0.08203720646538579,181.61338289962825,194,2210
uniform_l2p00_s2002,uniform,codec,16,1,3,266,4096,592,3504,592,37,3,2130,2167,3.597972972972973,0.09106291339793877,164.13175675675674,187,2197
uniform_l2p00_s2002,uniform,raw,16,2,5,266,4096,1020,3076,1020,64,64,4080,2104,4.0,0.09695817490494296,89.77549019607844,98,2130
uniform_l2p00_s2002,uniform,codec,16,2,5,266,4096,1101,2995,1101,69,3,3994,2099,3.6276112624886467,0.1049070986183897,82.6285195277021,94,2126
uniform_l2p00_s2002,uniform,raw,16,4,8,266,4096,1939,2157,1939,122,122,7756,2061,4.0,0.11760067928190199,42.977307890665294,50,2090
uniform_l2p00_s2002,uniform,codec,16,4,8,266,4096,1944,2152,1944,122,92,7658,2059,3.9393004115226335,0.11801845556095192,42.68055555555556,50,2088
uniform_l2p00_s2002,uniform,raw,32,1,3,522,4096,560,3536,560,18,18,2240,2258,4.0,0.0826690286389135,302.6232142857143,370,2304
uniform_l2p00_s2002,uniform,codec,32,1,3,522,4096,592,3504,592,19,3,2180,2199,3.6824324324324325,0.08973775958769137,279.1621621621622,353,2245
uniform_l2p00_s2002,uniform,raw,32,2,5,522,4096,1041,3055,1041,33,33,4164,2115,4.0,0.09843971631205674,151.99807877041306,178,2162
uniform_l2p00_s2002,uniform,codec,32,2,5,522,4096,1123,2973,1123,36,6,4126,2114,3.6740872662511133,0.10624408703878903,140.76046304541407,171,2172
uniform_l2p00_s2002,uniform,raw,32,4,8,522,4096,1996,2100,1996,63,63,7984,2059,4.0,0.12117532782904322,74.40531062124248,82,2120
uniform_l2p00_s2002,uniform,codec,32,4,8,522,4096,2022,2074,2022,64,37,7883,2055,3.8986152324431256,0.122992700729927,73.26805143422354,82,2120
uniform_l2p00_s2003,uniform,raw,4,1,3,74,4096,501,3595,501,126,126,2004,2130,4.0,0.0784037558685446,91.97005988023952,101,2133
uniform_l2p00_s2003,uniform,codec,4,1,3,74,4096,501,3595,501,126,126,2004,2130,4.0,0.0784037558685446,91.97005988023952,101,2133
uniform_l2p00_s2003,uniform,raw,4,2,5,74,4096,925,3171,925,232,232,3700,2082,4.0,0.0888568683957733,44.832432432432434,53,2086
uniform_l2p00_s2003,uniform,codec,4,2,5,74,4096,925,3171,925,232,232,3700,2082,4.0,0.0888568683957733,44.832432432432434,53,2086
uniform_l2p00_s2003,uniform,raw,4,4,8,74,4096,1649,2447,1649,413,413,6596,2062,4.0,0.09996362754607177,21.838690115221347,29,2067
uniform_l2p00_s2003,uniform,codec,4,4,8,74,4096,1649,2447,1649,413,413,6596,2062,4.0,0.09996362754607177,21.838690115221347,29,2067
uniform_l2p00_s2003,uniform,raw,8,1,3,138,4096,520,3576,520,65,65,2080,2145,4.0,0.08080808080808081,121.45384615384616,131,2159
uniform_l2p00_s2003,uniform,codec,8,1,3,138,4096,543,3553,543,68,35,2073,2141,3.81767955801105,0.08453993460999533,115.65745856353591,126,2154
uniform_l2p00_s2003,uniform,raw,8,2,5,138,4096,984,3112,984,123,123,3936,2091,4.0,0.09411764705882353,58.96239837398374,67,2105
uniform_l2p00_s2003,uniform,codec,8,2,5,138,4096,1006,3090,1006,126,70,3856,2082,3.8330019880715707,0.09663784822286263,57.740556660039765,66,2094
uniform_l2p00_s2003,uniform,raw,8,4,8,138,4096,1831,2265,1831,229,229,7324,2060,4.0,0.11110436893203883,27.64991807755325,35,2073
uniform_l2p00_s2003,uniform,codec,8,4,8,138,4096,1831,2265,1831,229,199,7234,2060,3.9508465319497543,0.11110436893203883,27.64991807755325,35,2073
uniform_l2p00_s2003,uniform,raw,16,1,3,266,4096,538,3558,538,34,34,2152,2186,4.0,0.08203720646538579,181.56877323420073,194,2210
uniform_l2p00_s2003,uniform,codec,16,1,3,266,4096,592,3504,592,37,2,2127,2164,3.5929054054054053,0.09118915588416512,163.8277027027027,185,2194
uniform_l2p00_s2003,uniform,raw,16,2,5,266,4096,1018,3078,1018,64,64,4072,2100,4.0,0.09695238095238096,89.73477406679764,98,2124
uniform_l2p00_s2003,uniform,codec,16,2,5,266,4096,1097,2999,1097,69,8,3997,2098,3.643573381950775,0.10457578646329838,82.76845943482225,94,2121
uniform_l2p00_s2003,uniform,raw,16,4,8,266,4096,1938,2158,1938,122,122,7752,2060,4.0,0.11759708737864077,42.78947368421053,50,2089
uniform_l2p00_s2003,uniform,codec,16,4,8,266,4096,1947,2149,1947,122,80,7622,2059,3.9147406266050333,0.11820058280718795,42.5115562403698,50,2088
uniform_l2p00_s2003,uniform,raw,32,1,3,522,4096,560,3536,560,18,18,2240,2258,4.0,0.0826690286389135,302.70178571428573,370,2304
uniform_l2p00_s2003,uniform,codec,32,1,3,522,4096,592,3504,592,19,4,2223,2242,3.7550675675675675,0.088016651798989,284.5929054054054,360,2288
uniform_l2p00_s2003,uniform,raw,32,2,5,522,4096,1040,3056,1040,33,33,4160,2113,4.0,0.09843823946994794,151.8673076923077,178,2159
uniform_l2p00_s2003,uniform,codec,32,2,5,522,4096,1104,2992,1104,35,6,4141,2120,3.7509057971014492,0.10415094339622641,143.31159420289856,175,2168
uniform_l2p00_s2003,uniform,raw,32,4,8,522,4096,1996,2100,1996,63,63,7984,2059,4.0,0.12117532782904322,74.33867735470942,82,2120
uniform_l2p00_s2003,uniform,codec,32,4,8,522,4096,2016,2080,2016,63,38,7885,2053,3.9112103174603177,0.1227471992206527,73.50297619047619,82,2120
