Cadence Genus(TM) Synthesis Solution.
Copyright 2025 Cadence Design Systems, Inc. All rights reserved worldwide.
Cadence and the Cadence logo are registered trademarks and Genus is a trademark
of Cadence Design Systems, Inc. in the United States and other countries.

[09:11:02.406890] Configured Lic search path (23.02-s006): 5280@210.126.11.80:5280@210.126.11.71

Version: 23.14-s090_1, built Wed Feb 26 17:49:50 PST 2025
Options: -batch -files syn/pnr/resynth_steal_buf_polarity/genus_4.0.tcl -log syn/pnr/resynth_steal_buf_polarity/genus_4.0.log 
Date:    Mon Aug 24 09:11:02 2026
Host:    snu.polaris.09 (x86_64 w/Linux 3.10.0-1160.el7.x86_64) (16cores*64cpus*2physical cpus*Intel(R) Xeon(R) Gold 6246R CPU @ 3.40GHz 36608KB) (659880220KB)
PID:     189793
OS:      CentOS Linux 7 (Core)

Checking out license: Genus_Synthesis
[09:11:02.460067] Periodic Lic check successful
[09:11:02.460104] Feature usage summary:
[09:11:02.460105] Genus_Synthesis



***********************************************************************************************************
***********************************************************************************************************



Finished executable startup (0 seconds elapsed).

Loading tool scripts...
Finished loading tool scripts (16 seconds elapsed).

#@ Processing -files option
@genus:root: 1> source syn/pnr/resynth_steal_buf_polarity/genus_4.0.tcl
#@ Begin verbose source ./syn/pnr/resynth_steal_buf_polarity/genus_4.0.tcl
@file(genus_4.0.tcl) 1: set DESIGN   aer_tx16_trad_rowcol_fovea_cluster2_steal_buf_polarity
@file(genus_4.0.tcl) 2: set RTL_LIST {rtl/arbiter2.v rtl/arbiter4_tree.v rtl/aer_tx16_trad_rowcol_fovea_cluster2_steal_buf_polarity.v}
@file(genus_4.0.tcl) 3: set SDC_FILE syn/pnr/resynth_steal_buf_polarity/aer_tx16_trad_rowcol_fovea_cluster2_steal_buf_polarity_4.0.sdc
@file(genus_4.0.tcl) 4: set LIB_FILE /home/aiasic26911/gsclib045_all_v4.7/gsclib045/timing/slow_vdd1v0_basicCells.lib
@file(genus_4.0.tcl) 5: set OUT_DIR  syn/pnr/resynth_steal_buf_polarity
@file(genus_4.0.tcl) 7: set_db library $LIB_FILE

  Message Summary for Library slow_vdd1v0_basicCells.lib:
  *******************************************************
  Missing a function attribute in the output pin definition. [LBR-518]: 1
  *******************************************************
 
Info    : Created nominal operating condition. [LBR-412]
        : Operating condition '_nominal_' was created for the PVT values (1.000000, 0.900000, 125.000000) in library 'slow_vdd1v0_basicCells.lib'.
        : The nominal operating condition is represented, either by the nominal PVT values specified in the library source (via nom_process,nom_voltage and nom_temperature respectively), or by the default PVT values (1.0,1.0,1.0).
Warning : Library cell has no output pins defined. [LBR-9]
        : Library cell 'ANTENNA' must have an output pin.
        : Add the missing output pin(s), then reload the library. Else the library cell will be marked as timing model i.e. unusable. Timing_model means that the cell does not have any defined function. If there is no output pin, Genus will mark library cell as unusable i.e. the attribute 'usable' will be marked to 'false' on the libcell. Therefore, the cell is not used for mapping and it will not be picked up from the library for synthesis. If you query the attribute 'unusable_reason' on the libcell; result will be: 'Library cell has no output pins.'Note: The message LBR-9 is only for the logical pins and not for the power_ground pins. Genus will depend upon the output function defined in the pin group (output pin) of the cell, to use it for mapping. The pg_pin will not have any function defined.
Warning : Library cell has no output pins defined. [LBR-9]
        : Library cell 'ANTENNA' must have an output pin.
Warning : Library cell has no output pins defined. [LBR-9]
        : Library cell 'DECAP10' must have an output pin.
Warning : Library cell has no output pins defined. [LBR-9]
        : Library cell 'DECAP10' must have an output pin.
Warning : Library cell has no output pins defined. [LBR-9]
        : Library cell 'DECAP2' must have an output pin.
Warning : Library cell has no output pins defined. [LBR-9]
        : Library cell 'DECAP2' must have an output pin.
Warning : Library cell has no output pins defined. [LBR-9]
        : Library cell 'DECAP3' must have an output pin.
Warning : Library cell has no output pins defined. [LBR-9]
        : Library cell 'DECAP3' must have an output pin.
Warning : Library cell has no output pins defined. [LBR-9]
        : Library cell 'DECAP4' must have an output pin.
Warning : Library cell has no output pins defined. [LBR-9]
        : Library cell 'DECAP4' must have an output pin.
Warning : Library cell has no output pins defined. [LBR-9]
        : Library cell 'DECAP5' must have an output pin.
Warning : Library cell has no output pins defined. [LBR-9]
        : Library cell 'DECAP5' must have an output pin.
Warning : Library cell has no output pins defined. [LBR-9]
        : Library cell 'DECAP6' must have an output pin.
Warning : Library cell has no output pins defined. [LBR-9]
        : Library cell 'DECAP6' must have an output pin.
Warning : Library cell has no output pins defined. [LBR-9]
        : Library cell 'DECAP7' must have an output pin.
Warning : Library cell has no output pins defined. [LBR-9]
        : Library cell 'DECAP7' must have an output pin.
Warning : Library cell has no output pins defined. [LBR-9]
        : Library cell 'DECAP8' must have an output pin.
Warning : Library cell has no output pins defined. [LBR-9]
        : Library cell 'DECAP8' must have an output pin.
Warning : Library cell has no output pins defined. [LBR-9]
        : Library cell 'DECAP9' must have an output pin.
Warning : Library cell has no output pins defined. [LBR-9]
        : Library cell 'DECAP9' must have an output pin.
  Setting attribute of root '/': 'library' = /home/aiasic26911/gsclib045_all_v4.7/gsclib045/timing/slow_vdd1v0_basicCells.lib
@file(genus_4.0.tcl) 8: set_db lp_insert_clock_gating true
  Setting attribute of root '/': 'lp_insert_clock_gating' = true
@file(genus_4.0.tcl) 10: read_hdl $RTL_LIST
@file(genus_4.0.tcl) 11: elaborate $DESIGN
  Library has 324 usable logic and 128 usable sequential lib-cells.
Info    : Elaborating Design. [ELAB-1]
        : Elaborating top-level block 'aer_tx16_trad_rowcol_fovea_cluster2_steal_buf_polarity' from file 'rtl/aer_tx16_trad_rowcol_fovea_cluster2_steal_buf_polarity.v'.
Info    : Done Elaborating Design. [ELAB-3]
        : Done elaborating 'aer_tx16_trad_rowcol_fovea_cluster2_steal_buf_polarity'.
Checking for source RTL...
Check completed for source RTL.
Running Unified Mux Engine Tricks...
Completed Unified Mux Engine Tricks

Stage: post_elab
-------------------------------------------------------
| Trick             | Accepts | Rejects | Runtime (s) | 
-------------------------------------------------------
| ume_constant_bmux |       0 |       0 |        0.00 | 
| ume_merge         |       0 |       0 |        0.00 | 
| ume_ssm           |       0 |       0 |        0.00 | 
| ume_cse           |       1 |       0 |        0.00 | 
| ume_shrink        |       0 |       0 |        0.00 | 
| ume_sweep         |      16 |       0 |        0.00 | 
| ume_constant_bmux |       0 |       0 |        0.00 | 
| ume_merge         |       0 |       0 |        0.00 | 
| ume_ssm           |       0 |       0 |        0.00 | 
| ume_cse           |       0 |       0 |        0.00 | 
| ume_shrink        |       0 |       0 |        0.00 | 
| ume_sweep         |       0 |       0 |        0.00 | 
-------------------------------------------------------
Starting optimize datapath shifters [v1.0] (stage: post_elab, startdef: aer_tx16_trad_rowcol_fovea_cluster2_steal_buf_polarity, recur: true)
Completed optimize datapath shifters (accepts: 0, rejects: 0, runtime: 0.000s)
Starting clip mux common data inputs [v1.0] (stage: post_elab, startdef: aer_tx16_trad_rowcol_fovea_cluster2_steal_buf_polarity, recur: true)
Completed clip mux common data inputs (accepts: 0, rejects: 0, runtime: 0.000s)
Starting clip the non-user hierarchies [v2.0] (stage: post_elab, startdef: aer_tx16_trad_rowcol_fovea_cluster2_steal_buf_polarity, recur: true)
Completed clip the non-user hierarchies (accepts: 0, rejects: 0, runtime: 0.000s)
Starting basic netlist cleanup [v1.0] (stage: post_elab, startdef: aer_tx16_trad_rowcol_fovea_cluster2_steal_buf_polarity, recur: true)
Completed basic netlist cleanup (accepts: 0, rejects: 0, runtime: 0.000s)

Stage: post_elab
--------------------------------------------------------------------
| Transform                      | Accepts | Rejects | Runtime (s) | 
--------------------------------------------------------------------
| hlo_optimize_datapath_shifters |       0 |       0 |        0.00 | 
| hlo_clip_mux_input             |       0 |       0 |        0.00 | 
| hlo_clip                       |       0 |       0 |        0.00 | 
| hlo_cleanup                    |       0 |       0 |        0.00 | 
--------------------------------------------------------------------
UM:   flow.cputime  flow.realtime  timing.setup.tns  timing.setup.wns  snapshot
UM:*                                                                   elaborate
@file(genus_4.0.tcl) 12: read_sdc $SDC_FILE
Statistics for commands executed by read_sdc:
 "all_inputs"               - successful      1 , failed      0 (runtime  0.00)
 "all_outputs"              - successful      2 , failed      0 (runtime  0.00)
 "create_clock"             - successful      1 , failed      0 (runtime  0.00)
 "get_clocks"               - successful      1 , failed      0 (runtime  0.00)
 "get_ports"                - successful      2 , failed      0 (runtime  0.01)
 "remove_from_collection"   - successful      1 , failed      0 (runtime  0.00)
 "set_clock_uncertainty"    - successful      1 , failed      0 (runtime  0.00)
 "set_input_delay"          - successful      1 , failed      0 (runtime  0.01)
 "set_load"                 - successful      1 , failed      0 (runtime  0.00)
 "set_output_delay"         - successful      1 , failed      0 (runtime  0.00)
read_sdc completed in 00:00:00 (hh:mm:ss)
@file(genus_4.0.tcl) 14: syn_generic
stamp 'PBS_Generic-Start' being created for table 'pbs_debug'

  Total Time (Wall) |  Stage Time (Wall)  |   % (Wall)   |    Date - Time     |  Memory   | Stage
--------------------+---------------------+--------------+--------------------+-----------+----------------------
 00:00:19(00:00:17) |  00:00:00(00:00:00) |   0.0(  0.0) |    9:11:20 (Aug24) |  407.2 MB | PBS_Generic-Start
--------------------+---------------------+--------------+--------------------+-----------+----------------------
Number of threads: 8 * 1   (id: pbs_debug, time_info v1.57)
Info: (*N*) indicates data that was populated from previously saved time_info database
Info: CPU time includes time of parent + longest thread
Info    : Deleting instances not driving any primary outputs. [GLO-34]
        : Deleting 2 sequential instances.
        : Optimizations such as constant propagation or redundancy removal could change the connections so a hierarchical instance does not drive any primary outputs anymore. To see the list of deleted hierarchical instances, set the 'information_level' attribute to 2 or above. If the message is truncated set the message attribute 'truncate' to false to see the complete list. To prevent this optimization, set the 'delete_unloaded_insts' root/subdesign attribute to 'false' or 'preserve' instance attribute to 'true'.
Info    : Deleting instances not driving any primary outputs. [GLO-34]
        : Deleting 4 hierarchical instances.

Stage: pre_early_cg
-----------------------------------------------
| Transform | Accepts | Rejects | Runtime (s) | 
-----------------------------------------------
-----------------------------------------------
Mapping ChipWare ICG instances in aer_tx16_trad_rowcol_fovea_cluster2_steal_buf_polarity
Found 0 unmapped ChipWare ICG instances
Mapped 0 of 0 ChipWare ICG instances
EarlyCg insertion, version 4
[Clock Gating] Propagating constants ...
Multi-threaded constant propagation [4|0] ...
Info    : Deleting instances not driving any primary outputs. [GLO-34]
        : Deleting 2 sequential instances.
Info    : Deleting instances not driving any primary outputs. [GLO-34]
        : Deleting 2 hierarchical instances.
  total runtime for constant propagation: 00:00 walltime (min:sec)
[Clock Gating] Propagating constants done. (0 s.)
[Clock Gating] Reordering datapath muxes ...
[Clock Gating] Reordering datapath muxes done. (0 s.)
[Clock Gating] Decloning datapath insts ...
[Clock Gating] Decloning datapath insts done. (0 s.)
[Clock Gating] Removing redundant muxes pre insertion ...
  total runtime for constant propagation: 00:00 walltime (min:sec)
[Clock Gating] Removing redundant muxes pre insertion done. (0 s.)
  Setting attribute of root '/': 'basic_opto_skip_datapath' = true
[Clock Gating] Clock gating design ...
  Inserting clock-gating logic in netlist from 'design:aer_tx16_trad_rowcol_fovea_cluster2_steal_buf_polarity'
Inserting clock-gating logic .....
Required integrated clock-gating cells: 
--------------------------------------------------------------------------------------------------------------------------------------------------------------
| Type of CG               | Library domain | Async CG | Available                                                                                           | 
--------------------------------------------------------------------------------------------------------------------------------------------------------------
| latch_posedge_precontrol | _default_      | No       | TLATNTSCAX12 TLATNTSCAX16 TLATNTSCAX2 TLATNTSCAX20 TLATNTSCAX3 TLATNTSCAX4 TLATNTSCAX6 TLATNTSCAX8  | 
--------------------------------------------------------------------------------------------------------------------------------------------------------------
Required integrated clock-gating cells: 
--------------------------------------------------------------------------------------------------------------------------------------------------------------
| Type of CG               | Library domain | Async CG | Available                                                                                           | 
--------------------------------------------------------------------------------------------------------------------------------------------------------------
| latch_posedge_precontrol | _default_      | No       | TLATNTSCAX12 TLATNTSCAX16 TLATNTSCAX2 TLATNTSCAX20 TLATNTSCAX3 TLATNTSCAX4 TLATNTSCAX6 TLATNTSCAX8  | 
--------------------------------------------------------------------------------------------------------------------------------------------------------------
Clock Gating Status
===================
Category                                Number    Percentage
------------------------------------------------------------------
Gated flip-flops                        0		  0%
Ungated flip-flops
  Cannot map to requested logic         0		  0%
  Enable signal is constant             22		 25%
  Excluded from clock-gating            0		  0%
  User preserved                        0		  0%
  Libcell unusable                      0		  0%
  Timing exception in enable logic      0		  0%
  Register bank width too small         66		 75%
Total flip-flops                        88		100%
Total CG Modules                        0
[Clock Gating] Clock gating design done. (0 s.)
  Resetting attribute of root '/': 'basic_opto_skip_datapath' = false
[Clock Gating] Dissolving small equality operators ...
[Clock Gating] Dissolving small equality operators done. (1 s.)
      flow.cputime  flow.realtime  timing.setup.tns  timing.setup.wns  snapshot
UM:*                                                                   power_ecg_insertion
PBS_Generic-earlyCG - Elapsed_Time 1, CPU_Time -1.2000000001677336e-5
stamp 'PBS_Generic-earlyCG' being created for table 'pbs_debug'

  Total Time (Wall) |  Stage Time (Wall)  |   % (Wall)   |    Date - Time     |  Memory   | Stage
--------------------+---------------------+--------------+--------------------+-----------+----------------------
 00:00:19(00:00:17) |  00:00:00(00:00:00) |   0.0(  0.0) |    9:11:20 (Aug24) |  407.2 MB | PBS_Generic-Start
--------------------+---------------------+--------------+--------------------+-----------+----------------------
 00:00:19(00:00:18) |  00:00:00(00:00:01) | 100.0(100.0) |    9:11:21 (Aug24) |  407.2 MB | PBS_Generic-earlyCG
--------------------+---------------------+--------------+--------------------+-----------+----------------------
Number of threads: 8 * 1   (id: pbs_debug, time_info v1.57)
Info: (*N*) indicates data that was populated from previously saved time_info database
Info: CPU time includes time of parent + longest thread
##Generic Timing Info: typical gate delay  132.7 ps   std_slew:   15.8 ps   std_load:  0.6 fF  for library domain _default_
Starting mux data reorder optimization [v1.0] (stage: pre_to_gen_setup, startdef: aer_tx16_trad_rowcol_fovea_cluster2_steal_buf_polarity, recur: true)
Completed mux data reorder optimization (accepts: 0, rejects: 0, runtime: 0.001s)

Stage: pre_to_gen_setup
-----------------------------------------------------
| Transform       | Accepts | Rejects | Runtime (s) | 
-----------------------------------------------------
| hlo_mux_reorder |       0 |       0 |        0.00 | 
-----------------------------------------------------
Running DP early constant propagation (netlist aer_tx16_trad_rowcol_fovea_cluster2_steal_buf_polarity)...
Running DP early redundancy removal
Completed DP early redundancy removal on aer_tx16_trad_rowcol_fovea_cluster2_steal_buf_polarity (runtime = 0.0s)
...done running DP early constant propagation (0 seconds CPU time, 0 seconds wall time, netlist aer_tx16_trad_rowcol_fovea_cluster2_steal_buf_polarity).
Info    : Synthesizing. [SYNTH-1]
        : Synthesizing 'aer_tx16_trad_rowcol_fovea_cluster2_steal_buf_polarity' to generic gates using 'medium' effort.
Running Synthesis Turbo Flow Version 3.
Info    : Partition Based Synthesis execution skipped. [PHYS-752]
        : Design size is less than the partition size '100000' for distributed generic optimization to kick in.
Starting mux data reorder optimization [v1.0] (stage: pre_to_gen_setup, startdef: aer_tx16_trad_rowcol_fovea_cluster2_steal_buf_polarity, recur: true)
Completed mux data reorder optimization (accepts: 0, rejects: 0, runtime: 0.001s)

Stage: pre_to_gen_setup
-----------------------------------------------------
| Transform       | Accepts | Rejects | Runtime (s) | 
-----------------------------------------------------
| hlo_mux_reorder |       0 |       0 |        0.00 | 
-----------------------------------------------------
Starting mux data reorder optimization [v1.0] (stage: post_to_gen_setup, startdef: aer_tx16_trad_rowcol_fovea_cluster2_steal_buf_polarity, recur: true)
Completed mux data reorder optimization (accepts: 0, rejects: 0, runtime: 0.000s)

Stage: post_to_gen_setup
-----------------------------------------------------
| Transform       | Accepts | Rejects | Runtime (s) | 
-----------------------------------------------------
| hlo_mux_reorder |       0 |       0 |        0.00 | 
-----------------------------------------------------
Running Unified Mux Engine Tricks...
Completed Unified Mux Engine Tricks

Stage: pre_hlo_rtlopt
-----------------------------------------------
| Trick     | Accepts | Rejects | Runtime (s) | 
-----------------------------------------------
| ume_ssm   |       0 |       0 |        0.00 | 
| ume_sweep |       0 |       0 |        0.00 | 
| ume_share |       0 |       0 |        0.00 | 
-----------------------------------------------
Begin SDR optimization CTX_region 
  Setting attribute of root '/': 'hier_sandbox_support_folded' = 1
#Special hiers formed inside aer_tx16_trad_rowcol_fovea_cluster2_steal_buf_polarity = 0
No special hier is found 
  Setting attribute of root '/': 'hier_sandbox_support_folded' = 0
End SDR optimization CTX_region 
Begin SDR optimization UME_region 
  Setting attribute of root '/': 'hier_sandbox_support_folded' = 1
#Special hiers formed inside aer_tx16_trad_rowcol_fovea_cluster2_steal_buf_polarity = 0
No special hier is found 
  Setting attribute of root '/': 'hier_sandbox_support_folded' = 0
End SDR optimization UME_region 
Starting timing based select reordering [v1.0] (stage: pre_rtlopt, startdef: aer_tx16_trad_rowcol_fovea_cluster2_steal_buf_polarity, recur: true)
Completed timing based select reordering (accepts: 0, rejects: 0, runtime: 0.040s)
Starting recase case-box optimization [v1.0] (stage: pre_rtlopt, startdef: aer_tx16_trad_rowcol_fovea_cluster2_steal_buf_polarity, recur: true)
Completed recase case-box optimization (accepts: 0, rejects: 0, runtime: 0.004s)
Starting infer macro optimization [v1.0] (stage: pre_rtlopt, startdef: aer_tx16_trad_rowcol_fovea_cluster2_steal_buf_polarity, recur: true)
Completed infer macro optimization (accepts: 0, rejects: 12, runtime: 0.002s)
Starting decode mux sandwich optimization [v2.0] (stage: pre_rtlopt, startdef: aer_tx16_trad_rowcol_fovea_cluster2_steal_buf_polarity, recur: true)
Completed decode mux sandwich optimization (accepts: 0, rejects: 0, runtime: 0.000s)
Starting decode mux optimization [v1.0] (stage: pre_rtlopt, startdef: aer_tx16_trad_rowcol_fovea_cluster2_steal_buf_polarity, recur: true)
Completed decode mux optimization (accepts: 0, rejects: 0, runtime: 0.000s)
Starting chop wide muxes [v1.0] (stage: pre_rtlopt, startdef: aer_tx16_trad_rowcol_fovea_cluster2_steal_buf_polarity, recur: true)
Completed chop wide muxes (accepts: 0, rejects: 0, runtime: 0.000s)
Starting common data mux cascade opt [v1.0] (stage: pre_rtlopt, startdef: aer_tx16_trad_rowcol_fovea_cluster2_steal_buf_polarity, recur: true)
Completed common data mux cascade opt (accepts: 0, rejects: 0, runtime: 0.000s)
Starting mux input consolidation [v1.0] (stage: pre_rtlopt, startdef: aer_tx16_trad_rowcol_fovea_cluster2_steal_buf_polarity, recur: true)
Completed mux input consolidation (accepts: 0, rejects: 0, runtime: 0.000s)
Starting constant-data mux optimization [v1.0] (stage: pre_rtlopt, startdef: aer_tx16_trad_rowcol_fovea_cluster2_steal_buf_polarity, recur: true)
Completed constant-data mux optimization (accepts: 0, rejects: 0, runtime: 0.001s)
Starting chain-to-tree inequality transform [v2.0] (stage: pre_rtlopt, startdef: aer_tx16_trad_rowcol_fovea_cluster2_steal_buf_polarity, recur: true)
Completed chain-to-tree inequality transform (accepts: 0, rejects: 0, runtime: 0.002s)
Starting reconvergence optimization [v1.0] (stage: pre_rtlopt, startdef: aer_tx16_trad_rowcol_fovea_cluster2_steal_buf_polarity, recur: true)
Completed reconvergence optimization (accepts: 0, rejects: 0, runtime: 0.001s)
Starting logic restructure optimization [v1.0] (stage: pre_rtlopt, startdef: aer_tx16_trad_rowcol_fovea_cluster2_steal_buf_polarity, recur: true)
Completed logic restructure optimization (accepts: 0, rejects: 0, runtime: 0.000s)
Starting identity transform [v3.0] (stage: pre_rtlopt, startdef: aer_tx16_trad_rowcol_fovea_cluster2_steal_buf_polarity, recur: true)
Completed identity transform (accepts: 0, rejects: 0, runtime: 0.001s)
Starting reduce operator chain [v1.0] (stage: pre_rtlopt, startdef: aer_tx16_trad_rowcol_fovea_cluster2_steal_buf_polarity, recur: true)
Completed reduce operator chain (accepts: 0, rejects: 0, runtime: 0.000s)
Starting common data mux cascade opt [v1.0] (stage: pre_rtlopt, startdef: aer_tx16_trad_rowcol_fovea_cluster2_steal_buf_polarity, recur: true)
Completed common data mux cascade opt (accepts: 0, rejects: 0, runtime: 0.000s)
Starting mux input consolidation [v1.0] (stage: pre_rtlopt, startdef: aer_tx16_trad_rowcol_fovea_cluster2_steal_buf_polarity, recur: true)
Completed mux input consolidation (accepts: 0, rejects: 0, runtime: 0.000s)
Starting optimize datapath elements [v1.0] (stage: pre_rtlopt, startdef: aer_tx16_trad_rowcol_fovea_cluster2_steal_buf_polarity, recur: true)
Completed optimize datapath elements (accepts: 0, rejects: 0, runtime: 0.000s)
Starting datapath recasting [v1.0] (stage: pre_rtlopt, startdef: aer_tx16_trad_rowcol_fovea_cluster2_steal_buf_polarity, recur: true)
Completed datapath recasting (accepts: 0, rejects: 0, runtime: 0.000s)
Starting word-level redundancy removal [v1.0] (stage: pre_rtlopt, startdef: aer_tx16_trad_rowcol_fovea_cluster2_steal_buf_polarity, recur: true)
Info    : Setting up the version of high level Redundancy Removal Optimizations. [HLO_RR-1]
        : hlo_rr=1: Enables RRv1, on by default.
Completed word-level redundancy removal (accepts: 0, rejects: 4, runtime: 0.036s)
Starting clip mux common data inputs [v1.0] (stage: pre_rtlopt, startdef: aer_tx16_trad_rowcol_fovea_cluster2_steal_buf_polarity, recur: true)
Completed clip mux common data inputs (accepts: 4, rejects: 0, runtime: 0.001s)
Starting clip the non-user hierarchies [v2.0] (stage: pre_rtlopt, startdef: aer_tx16_trad_rowcol_fovea_cluster2_steal_buf_polarity, recur: true)
Completed clip the non-user hierarchies (accepts: 1, rejects: 0, runtime: 0.002s)
Starting basic netlist cleanup [v1.0] (stage: pre_rtlopt, startdef: aer_tx16_trad_rowcol_fovea_cluster2_steal_buf_polarity, recur: true)
Completed basic netlist cleanup (accepts: 0, rejects: 0, runtime: 0.000s)

Stage: pre_rtlopt
-----------------------------------------------------------------
| Transform                   | Accepts | Rejects | Runtime (s) | 
-----------------------------------------------------------------
| hlo_timing_reorder          |       0 |       0 |        0.04 | 
| hlo_recase_casebox          |       0 |       0 |        0.00 | 
| hlo_infer_macro             |       0 |      12 |        0.00 | 
| hlo_decode_mux_sandwich     |       0 |       0 |        0.00 | 
| hlo_mux_decode              |       0 |       0 |        0.00 | 
| hlo_chop_mux                |       0 |       0 |        0.00 | 
| hlo_mux_cascade_opt         |       0 |       0 |        0.00 | 
| hlo_mux_consolidation       |       0 |       0 |        0.00 | 
| hlo_constant_mux_opt        |       0 |       0 |        0.00 | 
| hlo_inequality_transform    |       0 |       0 |        0.00 | 
| hlo_reconv_opt              |       0 |       0 |        0.00 | 
| hlo_restructure             |       0 |       0 |        0.00 | 
| hlo_identity_transform      |       0 |       0 |        0.00 | 
| hlo_reduce_operator_chain   |       0 |       0 |        0.00 | 
| hlo_mux_cascade_opt         |       0 |       0 |        0.00 | 
| hlo_mux_consolidation       |       0 |       0 |        0.00 | 
| hlo_optimize_datapath       |       0 |       0 |        0.00 | 
| hlo_datapath_recast         |       0 |       0 |        0.00 | 
| hlo_redundancy_removal_word |       0 |       4 |        0.04 | 
| hlo_clip_mux_input          |       4 |       0 |        0.00 | 
| hlo_clip                    |       1 |       0 |        0.00 | 
| hlo_cleanup                 |       0 |       0 |        0.00 | 
-----------------------------------------------------------------
Running Unified Mux Engine Tricks...
Completed Unified Mux Engine Tricks

Stage: post_hlo_rtlopt
----------------------------------------------------------
| Trick                | Accepts | Rejects | Runtime (s) | 
----------------------------------------------------------
| ume_sweep_aggressive |       0 |       0 |        0.00 | 
| ume_runtime          |       0 |       0 |        0.00 | 
----------------------------------------------------------
Number of big hc bmuxes before = 0
Info    : Deleting instances not driving any primary outputs. [GLO-34]
        : Deleting 3 hierarchical instances.
Info    : Deleting instances not driving any primary outputs. [GLO-34]
        : Deleting 5 hierarchical instances.
Info    : Pre-processed datapath logic. [DPOPT-6]
        : No pre-processing optimizations applied to datapath logic in 'aer_tx16_trad_rowcol_fovea_cluster2_steal_buf_polarity'.
Info    : Optimizing datapath logic. [DPOPT-1]
        : Optimizing datapath logic in 'aer_tx16_trad_rowcol_fovea_cluster2_steal_buf_polarity'.
Info    : Implementing datapath configurations. [DPOPT-3]
        : Implementing datapath configurations for 'CDN_DP_region_0_0'
CSAGen Prep Share:0 Re-Write:0 Speculation: 0
Warning : Inferred datapath logic has changed and cannot be considered for datapath optimizations. [RTLOPT-55]
        : Module 'CDN_DP_region_0_0_c7' has been invalidated for datapath optimizations.
        : For best results, ensure this command is issued after syn_map, when all datapath optimizations have finished.
Warning : Inferred datapath logic has changed and cannot be considered for datapath optimizations. [RTLOPT-55]
        : Module 'CDN_DP_region_0_0_c7' has been invalidated for datapath optimizations.
Info    : Accepted resource sharing opportunity. [RTLOPT-30]
        : Merged the following sets of instances in 'CDN_DP_region_0_0_c7 in aer_tx16_trad_rowcol_fovea_cluster2_steal_buf_polarity':
	  (SUB_TC_OP, ADD_TC_OP)

Warning : Inferred datapath logic has changed and cannot be considered for datapath optimizations. [RTLOPT-55]
        : Module 'CDN_DP_region_0_0_c7' has been invalidated for datapath optimizations.
Warning : Inferred datapath logic has changed and cannot be considered for datapath optimizations. [RTLOPT-55]
        : Module 'CDN_DP_region_0_0_c7' has been invalidated for datapath optimizations.
Info    : Accepted resource sharing opportunity. [RTLOPT-30]
        : Merged the following sets of instances in 'CDN_DP_region_0_0_c7 in aer_tx16_trad_rowcol_fovea_cluster2_steal_buf_polarity':
	  (SUB_TC_OP132, ADD_TC_OP131)

Warning : Inferred datapath logic has changed and cannot be considered for datapath optimizations. [RTLOPT-55]
        : Module 'CDN_DP_region_0_0_c7' has been invalidated for datapath optimizations.
Warning : Inferred datapath logic has changed and cannot be considered for datapath optimizations. [RTLOPT-55]
        : Module 'CDN_DP_region_0_0_c7' has been invalidated for datapath optimizations.
Info    : Accepted resource sharing opportunity. [RTLOPT-30]
        : Merged the following sets of instances in 'CDN_DP_region_0_0_c7 in aer_tx16_trad_rowcol_fovea_cluster2_steal_buf_polarity':
	  (SUB_TC_OP134, ADD_TC_OP133)

Warning : Inferred datapath logic has changed and cannot be considered for datapath optimizations. [RTLOPT-55]
        : Module 'CDN_DP_region_0_0_c7' has been invalidated for datapath optimizations.
Warning : Inferred datapath logic has changed and cannot be considered for datapath optimizations. [RTLOPT-55]
        : Module 'CDN_DP_region_0_0_c7' has been invalidated for datapath optimizations.
Info    : Accepted resource sharing opportunity. [RTLOPT-30]
        : Merged the following sets of instances in 'CDN_DP_region_0_0_c7 in aer_tx16_trad_rowcol_fovea_cluster2_steal_buf_polarity':
	  (SUB_TC_OP136, ADD_TC_OP135)

Warning : Inferred datapath logic has changed and cannot be considered for datapath optimizations. [RTLOPT-55]
        : Module 'CDN_DP_region_0_0_c7' has been invalidated for datapath optimizations.
Warning : Inferred datapath logic has changed and cannot be considered for datapath optimizations. [RTLOPT-55]
        : Module 'CDN_DP_region_0_0_c7' has been invalidated for datapath optimizations.
Info    : Accepted resource sharing opportunity. [RTLOPT-30]
        : Merged the following sets of instances in 'CDN_DP_region_0_0_c7 in aer_tx16_trad_rowcol_fovea_cluster2_steal_buf_polarity':
	  (SUB_TC_OP138, ADD_TC_OP137)

Warning : Inferred datapath logic has changed and cannot be considered for datapath optimizations. [RTLOPT-55]
        : Module 'CDN_DP_region_0_0_c7' has been invalidated for datapath optimizations.
Warning : Inferred datapath logic has changed and cannot be considered for datapath optimizations. [RTLOPT-55]
        : Module 'CDN_DP_region_0_0_c7' has been invalidated for datapath optimizations.
Info    : Accepted resource sharing opportunity. [RTLOPT-30]
        : Merged the following sets of instances in 'CDN_DP_region_0_0_c7 in aer_tx16_trad_rowcol_fovea_cluster2_steal_buf_polarity':
	  (SUB_TC_OP140, ADD_TC_OP139)

Warning : Inferred datapath logic has changed and cannot be considered for datapath optimizations. [RTLOPT-55]
        : Module 'CDN_DP_region_0_0_c7' has been invalidated for datapath optimizations.
Warning : Inferred datapath logic has changed and cannot be considered for datapath optimizations. [RTLOPT-55]
        : Module 'CDN_DP_region_0_0_c7' has been invalidated for datapath optimizations.
Info    : Accepted resource sharing opportunity. [RTLOPT-30]
        : Merged the following sets of instances in 'CDN_DP_region_0_0_c7 in aer_tx16_trad_rowcol_fovea_cluster2_steal_buf_polarity':
	  (SUB_TC_OP142, ADD_TC_OP141)

Warning : Inferred datapath logic has changed and cannot be considered for datapath optimizations. [RTLOPT-55]
        : Module 'CDN_DP_region_0_0_c7' has been invalidated for datapath optimizations.
Warning : Inferred datapath logic has changed and cannot be considered for datapath optimizations. [RTLOPT-55]
        : Module 'CDN_DP_region_0_0_c7' has been invalidated for datapath optimizations.
Info    : Accepted resource sharing opportunity. [RTLOPT-30]
        : Merged the following sets of instances in 'CDN_DP_region_0_0_c7 in aer_tx16_trad_rowcol_fovea_cluster2_steal_buf_polarity':
	  (SUB_TC_OP144, ADD_TC_OP143)

Warning : Inferred datapath logic has changed and cannot be considered for datapath optimizations. [RTLOPT-55]
        : Module 'CDN_DP_region_0_0_c7' has been invalidated for datapath optimizations.
Warning : Inferred datapath logic has changed and cannot be considered for datapath optimizations. [RTLOPT-55]
        : Module 'CDN_DP_region_0_0_c7' has been invalidated for datapath optimizations.
Info    : Accepted resource sharing opportunity. [RTLOPT-30]
        : Merged the following sets of instances in 'CDN_DP_region_0_0_c7 in aer_tx16_trad_rowcol_fovea_cluster2_steal_buf_polarity':
	  (SUB_TC_OP146, ADD_TC_OP145)

Warning : Inferred datapath logic has changed and cannot be considered for datapath optimizations. [RTLOPT-55]
        : Module 'CDN_DP_region_0_0_c7' has been invalidated for datapath optimizations.
Warning : Inferred datapath logic has changed and cannot be considered for datapath optimizations. [RTLOPT-55]
        : Module 'CDN_DP_region_0_0_c7' has been invalidated for datapath optimizations.
Info    : Accepted resource sharing opportunity. [RTLOPT-30]
        : Merged the following sets of instances in 'CDN_DP_region_0_0_c7 in aer_tx16_trad_rowcol_fovea_cluster2_steal_buf_polarity':
	  (SUB_TC_OP148, ADD_TC_OP147)

Warning : Maximum message print count reached. [MESG-11]
        : Maximum print count of '20' reached for message 'RTLOPT-55'.
Info    : Accepted resource sharing opportunity. [RTLOPT-30]
        : Merged the following sets of instances in 'CDN_DP_region_0_0_c7 in aer_tx16_trad_rowcol_fovea_cluster2_steal_buf_polarity':
	  (SUB_TC_OP150, ADD_TC_OP149)

Info    : Accepted resource sharing opportunity. [RTLOPT-30]
        : Merged the following sets of instances in 'CDN_DP_region_0_0_c7 in aer_tx16_trad_rowcol_fovea_cluster2_steal_buf_polarity':
	  (SUB_TC_OP152, ADD_TC_OP151)

Info    : Accepted resource sharing opportunity. [RTLOPT-30]
        : Merged the following sets of instances in 'CDN_DP_region_0_0_c7 in aer_tx16_trad_rowcol_fovea_cluster2_steal_buf_polarity':
	  (SUB_TC_OP154, ADD_TC_OP153)

Info    : Accepted resource sharing opportunity. [RTLOPT-30]
        : Merged the following sets of instances in 'CDN_DP_region_0_0_c7 in aer_tx16_trad_rowcol_fovea_cluster2_steal_buf_polarity':
	  (SUB_TC_OP156, ADD_TC_OP155)

Info    : Accepted resource sharing opportunity. [RTLOPT-30]
        : Merged the following sets of instances in 'CDN_DP_region_0_0_c7 in aer_tx16_trad_rowcol_fovea_cluster2_steal_buf_polarity':
	  (SUB_TC_OP158, ADD_TC_OP157)

Info    : Accepted resource sharing opportunity. [RTLOPT-30]
        : Merged the following sets of instances in 'CDN_DP_region_0_0_c7 in aer_tx16_trad_rowcol_fovea_cluster2_steal_buf_polarity':
	  (SUB_TC_OP160, ADD_TC_OP159)

CDN_DP_region_0_0 level = 0 loads = 0 drivers = 0
CDN_DP_region_0_0_c0 in aer_tx16_trad_rowcol_fovea_cluster2_steal_buf_polarity: area: 1558871200 , DP = 45  Decode = 16  Mux = 64  other = 78  sg = slow     
    wns: 0  norm_wns:  -1.0000 
    tns:  0
Combined costing for score 0.00 is 0.00
 skipped
CDN_DP_region_0_0_c1 in aer_tx16_trad_rowcol_fovea_cluster2_steal_buf_polarity: area: 1484130800 , DP = 32  Decode = 16  Mux = 64  other = 98  sg = fast     
    wns: 0  norm_wns:  -1.0000 
    tns:  0
Combined costing for score 0.00 is 0.00
 is current best
CDN_DP_region_0_0_c2 in aer_tx16_trad_rowcol_fovea_cluster2_steal_buf_polarity: area: 1484130800 , DP = 32  Decode = 16  Mux = 64  other = 98  sg = very_slow
    wns: 0  norm_wns:  -1.0000 
    tns:  0
Combined costing for score 0.00 is 0.00
 is current best
CDN_DP_region_0_0_c3 in aer_tx16_trad_rowcol_fovea_cluster2_steal_buf_polarity: area: 1484130800 , DP = 32  Decode = 16  Mux = 64  other = 98  sg = very_fast
    wns: 0  norm_wns:  -1.0000 
    tns:  0
Combined costing for score 0.00 is 0.00
 is current best
CDN_DP_region_0_0_c4 in aer_tx16_trad_rowcol_fovea_cluster2_steal_buf_polarity: area: 1484130800 , DP = 32  Decode = 16  Mux = 64  other = 98  sg = very_fast
    wns: 0  norm_wns:  -1.0000 
    tns:  0
Combined costing for score 0.00 is 0.00
 is current best
CDN_DP_region_0_0_c5 in aer_tx16_trad_rowcol_fovea_cluster2_steal_buf_polarity: area: 1484130800 , DP = 32  Decode = 16  Mux = 64  other = 98  sg = very_fast
    wns: 0  norm_wns:  -1.0000 
    tns:  0
Combined costing for score 0.00 is 0.00
 is current best
CDN_DP_region_0_0_c6 in aer_tx16_trad_rowcol_fovea_cluster2_steal_buf_polarity: area: 1484130800 , DP = 32  Decode = 16  Mux = 64  other = 98  sg = very_fast
    wns: 0  norm_wns:  -1.0000 
    tns:  0
Combined costing for score 0.00 is 0.00
 is current best
CDN_DP_region_0_0_c7 in aer_tx16_trad_rowcol_fovea_cluster2_steal_buf_polarity: area: 1975282000 , DP = 16  Decode = 16  Mux = 80  other = 114  sg = very_fast
    wns: 0  norm_wns:  -1.0000 
    tns:  0
Combined costing for score 0.00 is 0.00

Best config: CDN_DP_region_0_0_c6 in aer_tx16_trad_rowcol_fovea_cluster2_steal_buf_polarity: area: 1484130800 , DP = 32  Decode = 16  Mux = 64  other = 98  sg = very_fast
    wns: 0  norm_wns:  -1.0000 
    tns:  0
Combined costing for score 0.00 is 0.00
  Smallest config area : 1484130800.  Fastest config wns;  0
##>+----------------------------------------------------------------------------------------------------------------------------------------------------------------+
##>Summary table of configs (Best config is CDN_DP_region_0_0_c6)
##>+----------------------------------------------------------------------------------------------------------------------------------------------------------------+
##>                     0                  1                  2                  3                  4                  5                  6                  7            
##>+----------------------------------------------------------------------------------------------------------------------------------------------------------------+
##>           Area       1558871200         1484130800         1484130800         1484130800         1484130800         1484130800         1484130800         1975282000  
##>            WNS         +1500.00           +1488.70           +1488.70           +1488.70           +1488.70           +1488.70           +1488.70           +1205.60  
##>            TNS                0                  0                  0                  0                  0                  0                  0                  0  
##>    Num Rewrite                0                  0                  0                  0                  0                  0                  0                  0  
##>     Num Factor                0                  0                  0                  0                  0                  0                  0                  0  
##>      Num Share                0                  0                  0                  0                  0                  0                  0                 16  
##>   Num CmultCse                0                  0                  0                  0                  0                  0                  0                  0  
##>   Num Downsize                0                  0                  0                  0                  0                  0                  0                  0  
##>  Num Speculate                0                  0                  0                  0                  0                  0                  0                  0  
##>     Runtime(s)                0                  0                  0                  0                  0                  0                  0                  0  
+----------------------------------------------------------------------------------------------------------------------------------------------------------------+
##>
##>
##>+-----------------------------------------------------------------------------------------------------------------------------------------------------------------------------------------------------+
##>Optimization Step DEBUG Table for config CDN_DP_region_0_0_c6
##>
##>                          Step                        Area   (  % Chg)         WNS (Change)          TNS (Change)                Power   (  % Chg)        Runtime (s)        Comment                   
##>+-----------------------------------------------------------------------------------------------------------------------------------------------------------------------------------------------------+
##>createMaxCarrySave              START             1558871200 (       )    107375682.40 (        )          0 (        )                    0 (       )              
##> datapath_rewrite_one_def       START             1558871200 (  +0.00)    107375682.40 (   +0.00)          0 (       0)                    0 (  +0.00)              
##>  fast_cse_elim                 START             1558871200 (  +0.00)    107375682.40 (   +0.00)          0 (       0)                    0 (  +0.00)              
##>                                  END             1558871200 (  +0.00)    107375682.40 (   +0.00)          0 (       0)                    0 (  +0.00)           0  
##>  fast_cse_elim                 START             1558871200 (  +0.00)    107375682.40 (   +0.00)          0 (       0)                    0 (  +0.00)              
##>                                  END             1558871200 (  +0.00)    107375682.40 (   +0.00)          0 (       0)                    0 (  +0.00)           0  
##>                                  END             1558871200 (  +0.00)    107375682.40 (   +0.00)          0 (       0)                    0 (  +0.00)           0  
##> dpopt_share_one_def            START             1558871200 (  +0.00)    107375682.40 (   +0.00)          0 (       0)                    0 (  +0.00)              
##>                                  END             1558871200 (  +0.00)    107375682.40 (   +0.00)          0 (       0)                    0 (  +0.00)           0  
##> csa_opto                       START             1558871200 (  +0.00)    214748364.70 (+107372682.30)          0 (       0)                    0 (  +0.00)              
##>                                  END             1729706400 ( +10.96)    214748364.70 (   +0.00)          0 (       0)                    0 (  +0.00)           0  
##>                                  END             1729706400 ( +10.96)    214748364.70 (+107372682.30)          0 (       0)                    0 (  +0.00)           0  
##>canonicalize_by_names           START             1729706400 (  +0.00)    214748364.70 (   +0.00)          0 (       0)                    0 (  +0.00)              
##>                                  END             1729706400 (  +0.00)    214748364.70 (   +0.00)          0 (       0)                    0 (  +0.00)           0  
##>datapath_rewrite_post_csa_one_  START             1729706400 (  +0.00)    214748364.70 (   +0.00)          0 (       0)                    0 (  +0.00)              
##>                                  END             1729706400 (  +0.00)    214748364.70 (   +0.00)          0 (       0)                    0 (  +0.00)           0  
##>datapath_csa_factoring_one_gde  START             1729706400 (  +0.00)    214748364.70 (   +0.00)          0 (       0)                    0 (  +0.00)              
##>                                  END             1729706400 (  +0.00)    214748364.70 (   +0.00)          0 (       0)                    0 (  +0.00)           0  
##>dpopt_share_one_def             START             1729706400 (  +0.00)    214748364.70 (   +0.00)          0 (       0)                    0 (  +0.00)              
##>                                  END             1729706400 (  +0.00)    214748364.70 (   +0.00)          0 (       0)                    0 (  +0.00)           0  
##>datapath_rewrite_post_share     START             1729706400 (  +0.00)    214748364.70 (   +0.00)          0 (       0)                    0 (  +0.00)              
##>                                  END             1729706400 (  +0.00)    214748364.70 (   +0.00)          0 (       0)                    0 (  +0.00)           0  
##>dp_combine_const_mult_with_com  START             1729706400 (  +0.00)    214748364.70 (   +0.00)          0 (       0)                    0 (  +0.00)              
##>                                  END             1729706400 (  +0.00)    214748364.70 (   +0.00)          0 (       0)                    0 (  +0.00)           0  
##>speculate_in_gdef               START             1729706400 (  +0.00)    214748364.70 (   +0.00)          0 (       0)                    0 (  +0.00)              
##> pre_speculate_mux_merge        START             1729706400 (  +0.00)    214748364.70 (   +0.00)          0 (       0)                    0 (  +0.00)              
##>                                  END             1729706400 (  +0.00)    214748364.70 (   +0.00)          0 (       0)                    0 (  +0.00)           0  
##>                                  END             1729706400 (  +0.00)    214748364.70 (   +0.00)          0 (       0)                    0 (  +0.00)           0  
##>dp_operator_level_decompositio  START             1729706400 (  +0.00)    214748364.70 (   +0.00)          0 (       0)                    0 (  +0.00)              
##>                                  END             1729706400 (  +0.00)    214748364.70 (   +0.00)          0 (       0)                    0 (  +0.00)           0  
##>selective_flatten_dp_config     START             1729706400 (  +0.00)    214748364.70 (   +0.00)          0 (       0)                    0 (  +0.00)              
##>                                  END             1676320400 (  -3.09)    214748364.70 (   +0.00)          0 (       0)                    0 (  +0.00)           0  
##>createMaxCarrySave              START             1676320400 (  +0.00)    214748364.70 (   +0.00)          0 (       0)                    0 (  +0.00)              
##> datapath_rewrite_one_def       START             1676320400 (  +0.00)    214748364.70 (   +0.00)          0 (       0)                    0 (  +0.00)              
##>  fast_cse_elim                 START             1676320400 (  +0.00)    214748364.70 (   +0.00)          0 (       0)                    0 (  +0.00)              
##>                                  END             1676320400 (  +0.00)    214748364.70 (   +0.00)          0 (       0)                    0 (  +0.00)           0  
##>  fast_cse_elim                 START             1676320400 (  +0.00)    214748364.70 (   +0.00)          0 (       0)                    0 (  +0.00)              
##>                                  END             1676320400 (  +0.00)    214748364.70 (   +0.00)          0 (       0)                    0 (  +0.00)           0  
##>                                  END             1676320400 (  +0.00)    214748364.70 (   +0.00)          0 (       0)                    0 (  +0.00)           0  
##> dpopt_share_one_def            START             1676320400 (  +0.00)    214748364.70 (   +0.00)          0 (       0)                    0 (  +0.00)              
##>                                  END             1676320400 (  +0.00)    214748364.70 (   +0.00)          0 (       0)                    0 (  +0.00)           0  
##> csa_opto                       START             1676320400 (  +0.00)    214748364.70 (   +0.00)          0 (       0)                    0 (  +0.00)              
##>                                  END             1676320400 (  +0.00)    214748364.70 (   +0.00)          0 (       0)                    0 (  +0.00)           0  
##>                                  END             1676320400 (  +0.00)    214748364.70 (   +0.00)          0 (       0)                    0 (  +0.00)           0  
##>context_based_simplify          START             1484130800 ( -11.46)    214748364.70 (   +0.00)          0 (       0)                    0 (  +0.00)              
##>                                  END             1484130800 (  +0.00)    214748364.70 (   +0.00)          0 (       0)                    0 (  +0.00)           0  
##>group_csa_final_adder_dp        START             1484130800 (  +0.00)    214748364.70 (   +0.00)          0 (       0)                    0 (  +0.00)              
##>                                  END             1484130800 (  +0.00)    214748364.70 (   +0.00)          0 (       0)                    0 (  +0.00)           0  
##>dpopt_flatten_critical_muxes_i  START             1484130800 (  +0.00)    214748364.70 (   +0.00)          0 (       0)                    0 (  +0.00)              
##>                                  END             1484130800 (  +0.00)    214748364.70 (   +0.00)          0 (       0)                    0 (  +0.00)           0  
##>speculate_in_gdef               START             1484130800 (  +0.00)    214748364.70 (   +0.00)          0 (       0)                    0 (  +0.00)              
##> pre_speculate_mux_merge        START             1484130800 (  +0.00)    214748364.70 (   +0.00)          0 (       0)                    0 (  +0.00)              
##>                                  END             1484130800 (  +0.00)    214748364.70 (   +0.00)          0 (       0)                    0 (  +0.00)           0  
##>                                  END             1484130800 (  +0.00)    214748364.70 (   +0.00)          0 (       0)                    0 (  +0.00)           0  
##>create_score                    START             1484130800 (  +0.00)     1488.70 (-214746876.00)          0 (       0)                    0 (  +0.00)              
##>                                  END             1484130800 (  +0.00)     1488.70 (   +0.00)          0 (       0)                    0 (  +0.00)           0  
##>+-----------------------------------------------------------------------------------------------------------------------------------------------------------------------------------------------------+
Committed config: CDN_DP_region_0_0_c6
Info    : Done implementing datapath configurations. [DPOPT-4]
        : Selected 'very_fast' configuration 6 for module 'CDN_DP_region_0_0_c6'.
          Optimizations applied to 'very_fast' configuration:
            rewriting(0), factoring(0), sharing(0), cmultcse(0), downsizing(0), speculation(0)
Info:  Ungrouped 0 dp-cluster instances.  0 cluster instances were left intact, to aid verification.
Info    : Done optimizing datapath logic. [DPOPT-2]
        : Done optimizing datapath logic in 'aer_tx16_trad_rowcol_fovea_cluster2_steal_buf_polarity'.
Number of big hc bmuxes after = 0
Starting bit-level redundancy removal [v1.0] (stage: post_rtlopt, startdef: aer_tx16_trad_rowcol_fovea_cluster2_steal_buf_polarity, recur: true)
Completed bit-level redundancy removal (accepts: 0, rejects: 4, runtime: 0.034s)
Starting logic reduction [v1.0] (stage: post_rtlopt, startdef: aer_tx16_trad_rowcol_fovea_cluster2_steal_buf_polarity, recur: true)
Completed logic reduction (accepts: 0, rejects: 0, runtime: 0.000s)
Starting mux data reorder optimization [v1.0] (stage: post_rtlopt, startdef: aer_tx16_trad_rowcol_fovea_cluster2_steal_buf_polarity, recur: true)
Completed mux data reorder optimization (accepts: 0, rejects: 0, runtime: 0.000s)
Starting timing based select reordering [v1.0] (stage: post_rtlopt, startdef: aer_tx16_trad_rowcol_fovea_cluster2_steal_buf_polarity, recur: true)
Completed timing based select reordering (accepts: 0, rejects: 0, runtime: 0.034s)

Stage: post_rtlopt
----------------------------------------------------------------
| Transform                  | Accepts | Rejects | Runtime (s) | 
----------------------------------------------------------------
| hlo_redundancy_removal_bit |       0 |       4 |        0.03 | 
| hlo_logic_reduction        |       0 |       0 |        0.00 | 
| hlo_mux_reorder            |       0 |       0 |        0.00 | 
| hlo_timing_reorder         |       0 |       0 |        0.03 | 
----------------------------------------------------------------
Running post blast mux optimization. Please follow up with Cadence support if runtime issues are seen with this optimization.
Starting mux speculation [v1.0] (stage: post_muxopt, startdef: aer_tx16_trad_rowcol_fovea_cluster2_steal_buf_polarity, recur: true)
Starting speculation optimization
Completed speculation optimization (accepts:0)
Completed mux speculation (accepts: 0, rejects: 0, runtime: 0.029s)
Starting timing based select reordering [v1.0] (stage: post_muxopt, startdef: aer_tx16_trad_rowcol_fovea_cluster2_steal_buf_polarity, recur: true)
Completed timing based select reordering (accepts: 0, rejects: 0, runtime: 0.023s)

Stage: post_muxopt
--------------------------------------------------------
| Transform          | Accepts | Rejects | Runtime (s) | 
--------------------------------------------------------
| hlo_speculation    |       0 |       0 |        0.03 | 
| hlo_timing_reorder |       0 |       0 |        0.02 | 
--------------------------------------------------------
==================================
Stage : to_generic 
==================================
  =================
   Message Summary
  =================
---------------------------------------------------------------------------
|   Id    |  Sev  |Count|                  Message Text                   |
---------------------------------------------------------------------------
|CDFG-250 |Info   |    3|Processing multi-dimensional arrays.             |
|CDFG-567 |Info   |    5|Instantiating Subdesign.                         |
|CDFG-738 |Info   |   36|Common subexpression eliminated.                 |
|CDFG-739 |Info   |   36|Common subexpression kept.                       |
|CDFG-893 |Info   |    4|Optimized the MUX created for array read / write |
|         |       |     | or variable shifter.                            |
|CWD-19   |Info   |  467|An implementation was inferred.                  |
|DPOPT-1  |Info   |    1|Optimizing datapath logic.                       |
|DPOPT-2  |Info   |    1|Done optimizing datapath logic.                  |
|DPOPT-3  |Info   |    1|Implementing datapath configurations.            |
|DPOPT-4  |Info   |    1|Done implementing datapath configurations.       |
|DPOPT-6  |Info   |    1|Pre-processed datapath logic.                    |
|ELAB-1   |Info   |    1|Elaborating Design.                              |
|ELAB-2   |Info   |    2|Elaborating Subdesign.                           |
|ELAB-3   |Info   |    1|Done Elaborating Design.                         |
|GLO-34   |Info   |    6|Deleting instances not driving any primary       |
|         |       |     | outputs.                                        |
|         |       |     |Optimizations such as constant propagation or    |
|         |       |     | redundancy removal could change the connections |
|         |       |     | so a hierarchical instance does not drive any   |
|         |       |     | primary outputs anymore. To see the list of     |
|         |       |     | deleted hierarchical instances, set the         |
|         |       |     | 'information_level' attribute to 2 or above. If |
|         |       |     | the message is truncated set the message        |
|         |       |     | attribute 'truncate' to false to see the        |
|         |       |     | complete list. To prevent this optimization, set|
|         |       |     | the 'delete_unloaded_insts' root/subdesign      |
|         |       |     | attribute to 'false' or 'preserve' instance     |
|         |       |     | attribute to 'true'.                            |
|GLO-51   |Info   |    4|Hierarchical instance automatically ungrouped.   |
|         |       |     |Hierarchical instances can be automatically      |
|         |       |     | ungrouped to allow for better area or timing    |
|         |       |     | optimization. To prevent this ungroup, set the  |
|         |       |     | root-level attribute 'auto_ungroup' to 'none'.  |
|         |       |     | You can also prevent individual ungroup with    |
|         |       |     | setting the attribute 'ungroup_ok' of instances |
|         |       |     | or modules to 'false'.                          |
|HLO_RR-1 |Info   |    1|Setting up the version of high level Redundancy  |
|         |       |     | Removal Optimizations.                          |
|LBR-9    |Warning|   20|Library cell has no output pins defined.         |
|         |       |     |Add the missing output pin(s)                    |
|         |       |     | , then reload the library. Else the library cell|
|         |       |     | will be marked as timing model i.e. unusable.   |
|         |       |     | Timing_model means that the cell does not have  |
|         |       |     | any defined function. If there is no output pin,|
|         |       |     | Genus will mark library cell as unusable i.e.   |
|         |       |     | the attribute 'usable' will be marked to 'false'|
|         |       |     | on the libcell. Therefore, the cell is not used |
|         |       |     | for mapping and it will not be picked up from   |
|         |       |     | the library for synthesis. If you query the     |
|         |       |     | attribute 'unusable_reason' on the libcell;     |
|         |       |     | result will be: 'Library cell has no output     |
|         |       |     | pins.'Note: The message LBR-9 is only for the   |
|         |       |     | logical pins and not for the power_ground pins. |
|         |       |     | Genus will depend upon the output function      |
|         |       |     | defined in the pin group (output pin)           |
|         |       |     | of the cell, to use it for mapping. The pg_pin  |
|         |       |     | will not have any function defined.             |
|LBR-41   |Info   |    1|An output library pin lacks a function attribute.|
|         |       |     |If the remainder of this library cell's semantic |
|         |       |     | checks are successful, it will be considered as |
|         |       |     | a timing-model                                  |
|         |       |     | (because one of its outputs does not have a vali|
|         |       |     | d function.                                     |
|LBR-155  |Info   |  264|Mismatch in unateness between 'timing_sense'     |
|         |       |     | attribute and the function.                     |
|         |       |     |The 'timing_sense' attribute will be respected.  |
|LBR-161  |Info   |    1|Setting the maximum print count of this message  |
|         |       |     | to 10 if information_level is less than 9.      |
|LBR-162  |Info   |  124|Both 'pos_unate' and 'neg_unate' timing_sense    |
|         |       |     | arcs have been processed.                       |
|         |       |     |Setting the 'timing_sense' to non_unate.         |
|LBR-412  |Info   |    1|Created nominal operating condition.             |
|         |       |     |The nominal operating condition is represented,  |
|         |       |     | either by the nominal PVT values specified in   |
|         |       |     | the library source                              |
|         |       |     | (via nom_process,nom_voltage and nom_temperature|
|         |       |     | respectively)                                   |
|         |       |     | , or by the default PVT values (1.0,1.0,1.0).   |
|LBR-518  |Info   |    1|Missing a function attribute in the output pin   |
|         |       |     | definition.                                     |
|PHYS-752 |Info   |    1|Partition Based Synthesis execution skipped.     |
|RTLOPT-30|Info   |   16|Accepted resource sharing opportunity.           |
|RTLOPT-55|Warning|  160|Inferred datapath logic has changed and cannot be|
|         |       |     | considered for datapath optimizations.          |
|         |       |     |For best results, ensure this command is issued  |
|         |       |     | after syn_map, when all datapath optimizations  |
|         |       |     | have finished.                                  |
|SYNTH-1  |Info   |    1|Synthesizing.                                    |
|TIM-1000 |Info   |    1|Multimode clock gating check is disabled.        |
---------------------------------------------------------------------------
Mapper: Libraries have:
	domain _default_: 324 combo usable cells and 128 sequential usable cells
Inserting clock-gating logic .....
Required integrated clock-gating cells: 
--------------------------------------------------------------------------------------------------------------------------------------------------------------
| Type of CG               | Library domain | Async CG | Available                                                                                           | 
--------------------------------------------------------------------------------------------------------------------------------------------------------------
| latch_posedge_precontrol | _default_      | No       | TLATNTSCAX12 TLATNTSCAX16 TLATNTSCAX2 TLATNTSCAX20 TLATNTSCAX3 TLATNTSCAX4 TLATNTSCAX6 TLATNTSCAX8  | 
--------------------------------------------------------------------------------------------------------------------------------------------------------------
Clock Gating Status
===================
Category                                Number    Percentage
------------------------------------------------------------------
Gated flip-flops                        0		  0%
Ungated flip-flops
  Cannot map to requested logic         0		  0%
  Enable signal is constant             22		 25%
  Excluded from clock-gating            0		  0%
  User preserved                        0		  0%
  Libcell unusable                      0		  0%
  Timing exception in enable logic      0		  0%
  Register bank width too small         66		 75%
Total flip-flops                        88		100%
Total CG Modules                        0
Multi-threaded Virtual Mapping    (8 threads per ST process, 8 of 64 CPUs usable)
==================================
Stage : first_condense 
==================================
  =================
   Message Summary
  =================
----------------------------------------------------------
| Id |Sev |Count|              Message Text              |
----------------------------------------------------------
|GB-6|Info|   32|A datapath component has been ungrouped.|
----------------------------------------------------------
 
Global mapping target info
==========================
Cost Group 'clk' target slack:   106 ps
Target path end-point (Pin: pol_fifo0_reg[3]/d)

/home/aiasic26911/redred-faer/.st_launch_snu.polaris.09_189793

State Retention Synthesis Status
================================

Category                        Flops   Percentage
--------------------------------------------------
Total instances                    88        100.0
Excluded from State Retention      88        100.0
    - Will not convert             88        100.0
      - Preserved                   0          0.0
      - Power intent excluded      88        100.0
    - Could not convert             0          0.0
      - Scan type                   0          0.0
      - No suitable cell            0          0.0
State Retention instances           0          0.0
--------------------------------------------------

PBS_Generic_Opt-Post - Elapsed_Time 9, CPU_Time 9.137782000000001
stamp 'PBS_Generic_Opt-Post' being created for table 'pbs_debug'

  Total Time (Wall) |  Stage Time (Wall)  |   % (Wall)   |    Date - Time     |  Memory   | Stage
--------------------+---------------------+--------------+--------------------+-----------+----------------------
 00:00:19(00:00:17) |  00:00:00(00:00:00) |   0.0(  0.0) |    9:11:20 (Aug24) |  407.2 MB | PBS_Generic-Start
--------------------+---------------------+--------------+--------------------+-----------+----------------------
 00:00:19(00:00:18) |  00:00:00(00:00:01) |   9.9( 10.0) |    9:11:21 (Aug24) |  407.2 MB | PBS_Generic-earlyCG
--------------------+---------------------+--------------+--------------------+-----------+----------------------
 00:00:29(00:00:27) |  00:00:09(00:00:09) |  90.1( 90.0) |    9:11:30 (Aug24) |  812.7 MB | PBS_Generic_Opt-Post
--------------------+---------------------+--------------+--------------------+-----------+----------------------
Number of threads: 8 * 1   (id: pbs_debug, time_info v1.57)
Info: (*N*) indicates data that was populated from previously saved time_info database
Info: CPU time includes time of parent + longest thread
PBS_Generic-Postgen HBO Optimizations - Elapsed_Time 0, CPU_Time 0.0
stamp 'PBS_Generic-Postgen HBO Optimizations' being created for table 'pbs_debug'

  Total Time (Wall) |  Stage Time (Wall)  |   % (Wall)   |    Date - Time     |  Memory   | Stage
--------------------+---------------------+--------------+--------------------+-----------+----------------------
 00:00:19(00:00:17) |  00:00:00(00:00:00) |   0.0(  0.0) |    9:11:20 (Aug24) |  407.2 MB | PBS_Generic-Start
--------------------+---------------------+--------------+--------------------+-----------+----------------------
 00:00:19(00:00:18) |  00:00:00(00:00:01) |   9.9( 10.0) |    9:11:21 (Aug24) |  407.2 MB | PBS_Generic-earlyCG
--------------------+---------------------+--------------+--------------------+-----------+----------------------
 00:00:29(00:00:27) |  00:00:09(00:00:09) |  90.1( 90.0) |    9:11:30 (Aug24) |  812.7 MB | PBS_Generic_Opt-Post
--------------------+---------------------+--------------+--------------------+-----------+----------------------
 00:00:29(00:00:27) |  00:00:00(00:00:00) |   0.0(  0.0) |    9:11:30 (Aug24) |  812.7 MB | PBS_Generic-Postgen HBO Optimizations
--------------------+---------------------+--------------+--------------------+-----------+----------------------
Number of threads: 8 * 1   (id: pbs_debug, time_info v1.57)
Info: (*N*) indicates data that was populated from previously saved time_info database
Info: CPU time includes time of parent + longest thread
Starting post syn_generic ultra-effort Boolean optimization
Redundancy removal succeeded.
Done post syn_generic ultra-effort Boolean optimization (0.00 cpu seconds) (0.00 elapsed cpu seconds)
Info    : Done synthesizing. [SYNTH-2]
        : Done synthesizing 'aer_tx16_trad_rowcol_fovea_cluster2_steal_buf_polarity' to generic gates.
EarlyCg clean up, version 4
[Clock Gating] Simplifying datapath in light of clock gating ...
[Clock Gating] Simplifying datapath in light of clock gating done. (0 s.)
[Clock Gating] Declone clock gates (post_gen) ...
  Decloning clock-gating logic from design:aer_tx16_trad_rowcol_fovea_cluster2_steal_buf_polarity
Clock-Gating declone Status
===========================
Total number of Synthesis inserted clock-gating instances before: 0
Total number of Synthesis inserted clock-gating instances after : 0
Total number of clock-gating instances before: 0
Total number of clock-gating instances after : 0
[Clock Gating] Declone clock gates (post_gen) done. (0 s.)
      flow.cputime  flow.realtime  timing.setup.tns  timing.setup.wns  snapshot
UM:*                                                                   power_ecg_cleanup
PBS_Generic-earlyCG_cleanup - Elapsed_Time 1, CPU_Time 0.0
stamp 'PBS_Generic-earlyCG_cleanup' being created for table 'pbs_debug'

  Total Time (Wall) |  Stage Time (Wall)  |   % (Wall)   |    Date - Time     |  Memory   | Stage
--------------------+---------------------+--------------+--------------------+-----------+----------------------
 00:00:19(00:00:17) |  00:00:00(00:00:00) |   0.0(  0.0) |    9:11:20 (Aug24) |  407.2 MB | PBS_Generic-Start
--------------------+---------------------+--------------+--------------------+-----------+----------------------
 00:00:19(00:00:18) |  00:00:00(00:00:01) |   9.9(  9.1) |    9:11:21 (Aug24) |  407.2 MB | PBS_Generic-earlyCG
--------------------+---------------------+--------------+--------------------+-----------+----------------------
 00:00:29(00:00:27) |  00:00:09(00:00:09) |  90.1( 81.8) |    9:11:30 (Aug24) |  812.7 MB | PBS_Generic_Opt-Post
--------------------+---------------------+--------------+--------------------+-----------+----------------------
 00:00:29(00:00:27) |  00:00:00(00:00:00) |   0.0(  0.0) |    9:11:30 (Aug24) |  812.7 MB | PBS_Generic-Postgen HBO Optimizations
--------------------+---------------------+--------------+--------------------+-----------+----------------------
 00:00:29(00:00:28) |  00:00:00(00:00:01) |   0.0(  9.1) |    9:11:31 (Aug24) |  812.7 MB | PBS_Generic-earlyCG_cleanup
--------------------+---------------------+--------------+--------------------+-----------+----------------------
Number of threads: 8 * 1   (id: pbs_debug, time_info v1.57)
Info: (*N*) indicates data that was populated from previously saved time_info database
Info: CPU time includes time of parent + longest thread
##>=================== Cadence Confidential (Generic-Logical) ===================
##>=================== Cadence Confidential (Generic-Logical) ===================
      flow.cputime  flow.realtime  timing.setup.tns  timing.setup.wns  snapshot
UM:*                                                                   syn_gen
@file(genus_4.0.tcl) 15: syn_map
#----------------------------------------------------------------------------------------
# Root attributes for category: opt
#----------------------------------------------------------------------------------------
# Feature                           | Attribute                    | Value            
#----------------------------------------------------------------------------------------
# Avoid tied inputs                 | avoid_tied_inputs            | false (default)  
# Allow floating outputs            | opt_allow_floating_outputs   | false (default)  
# Power optimization effort         | design_power_effort          | none (default)   
# Do not use qbar sequential pins   | dont_use_qbar_seq_pins       | false (default)  
#----------------------------------------------------------------------------------------

##Generic Timing Info: typical gate delay  132.7 ps   std_slew:   15.8 ps   std_load:  0.6 fF  for library domain _default_
Mapping ChipWare ICG instances in aer_tx16_trad_rowcol_fovea_cluster2_steal_buf_polarity
Found 0 unmapped ChipWare ICG instances
Mapped 0 of 0 ChipWare ICG instances
Info    : Mapping. [SYNTH-4]
        : Mapping 'aer_tx16_trad_rowcol_fovea_cluster2_steal_buf_polarity' using 'high' effort.
Mapper: Libraries have:
	domain _default_: 324 combo usable cells and 128 sequential usable cells
PBS_TechMap-Start - Elapsed_Time 0, CPU_Time 0.0
stamp 'PBS_TechMap-Start' being created for table 'pbs_debug'

  Total Time (Wall) |  Stage Time (Wall)  |   % (Wall)   |    Date - Time     |  Memory   | Stage
--------------------+---------------------+--------------+--------------------+-----------+----------------------
 00:00:19(00:00:17) |  00:00:00(00:00:00) |   0.0(  0.0) |    9:11:20 (Aug24) |  407.2 MB | PBS_Generic-Start
--------------------+---------------------+--------------+--------------------+-----------+----------------------
 00:00:19(00:00:18) |  00:00:00(00:00:01) |   9.9(  9.1) |    9:11:21 (Aug24) |  407.2 MB | PBS_Generic-earlyCG
--------------------+---------------------+--------------+--------------------+-----------+----------------------
 00:00:29(00:00:27) |  00:00:09(00:00:09) |  90.1( 81.8) |    9:11:30 (Aug24) |  812.7 MB | PBS_Generic_Opt-Post
--------------------+---------------------+--------------+--------------------+-----------+----------------------
 00:00:29(00:00:27) |  00:00:00(00:00:00) |   0.0(  0.0) |    9:11:30 (Aug24) |  812.7 MB | PBS_Generic-Postgen HBO Optimizations
--------------------+---------------------+--------------+--------------------+-----------+----------------------
 00:00:29(00:00:28) |  00:00:00(00:00:01) |   0.0(  9.1) |    9:11:31 (Aug24) |  812.7 MB | PBS_Generic-earlyCG_cleanup
--------------------+---------------------+--------------+--------------------+-----------+----------------------
 00:00:29(00:00:28) |  00:00:00(00:00:00) |   0.0(  0.0) |    9:11:31 (Aug24) |  812.7 MB | PBS_TechMap-Start
--------------------+---------------------+--------------+--------------------+-----------+----------------------
Number of threads: 8 * 1   (id: pbs_debug, time_info v1.57)
Info: (*N*) indicates data that was populated from previously saved time_info database
Info: CPU time includes time of parent + longest thread
PBS_TechMap-Premap HBO Optimizations - Elapsed_Time 0, CPU_Time 0.0
stamp 'PBS_TechMap-Premap HBO Optimizations' being created for table 'pbs_debug'

  Total Time (Wall) |  Stage Time (Wall)  |   % (Wall)   |    Date - Time     |  Memory   | Stage
--------------------+---------------------+--------------+--------------------+-----------+----------------------
 00:00:19(00:00:17) |  00:00:00(00:00:00) |   0.0(  0.0) |    9:11:20 (Aug24) |  407.2 MB | PBS_Generic-Start
--------------------+---------------------+--------------+--------------------+-----------+----------------------
 00:00:19(00:00:18) |  00:00:00(00:00:01) |   9.9(  9.1) |    9:11:21 (Aug24) |  407.2 MB | PBS_Generic-earlyCG
--------------------+---------------------+--------------+--------------------+-----------+----------------------
 00:00:29(00:00:27) |  00:00:09(00:00:09) |  90.1( 81.8) |    9:11:30 (Aug24) |  812.7 MB | PBS_Generic_Opt-Post
--------------------+---------------------+--------------+--------------------+-----------+----------------------
 00:00:29(00:00:27) |  00:00:00(00:00:00) |   0.0(  0.0) |    9:11:30 (Aug24) |  812.7 MB | PBS_Generic-Postgen HBO Optimizations
--------------------+---------------------+--------------+--------------------+-----------+----------------------
 00:00:29(00:00:28) |  00:00:00(00:00:01) |   0.0(  9.1) |    9:11:31 (Aug24) |  812.7 MB | PBS_Generic-earlyCG_cleanup
--------------------+---------------------+--------------+--------------------+-----------+----------------------
 00:00:29(00:00:28) |  00:00:00(00:00:00) |   0.0(  0.0) |    9:11:31 (Aug24) |  812.7 MB | PBS_TechMap-Start
--------------------+---------------------+--------------+--------------------+-----------+----------------------
 00:00:29(00:00:28) |  00:00:00(00:00:00) |   0.0(  0.0) |    9:11:31 (Aug24) |  812.7 MB | PBS_TechMap-Premap HBO Optimizations
--------------------+---------------------+--------------+--------------------+-----------+----------------------
Number of threads: 8 * 1   (id: pbs_debug, time_info v1.57)
Info: (*N*) indicates data that was populated from previously saved time_info database
Info: CPU time includes time of parent + longest thread
Info    : Partition Based Synthesis execution skipped. [PHYS-752]
        : Design size is less than the partition size '100000' for distributed mapping optimization to kick in.
Mapper: Libraries have:
	domain _default_: 324 combo usable cells and 128 sequential usable cells
Multi-threaded Virtual Mapping    (8 threads per ST process, 8 of 64 CPUs usable)
 
Global mapping target info
==========================
Cost Group 'clk' target slack:   106 ps
Target path end-point (Pin: pol_fifo0_reg[3]/d)

Multi-threaded Virtual Mapping    (8 threads per ST process, 8 of 64 CPUs usable)
Multi-threaded Technology Mapping (8 threads per ST process, 8 of 64 CPUs usable)
 
Global mapping status
=====================
                                   Group   
                                  Tot Wrst 
                           Total  Weighted 
Operation                   Area   Slacks  
 global_map                 1160        0 

    Cost Group            Target    Slack    Diff.  Constr.
-----------------------------------------------------------
           clk               106     1672              4000 

 
Global incremental target info
==============================
Cost Group 'clk' target slack:    70 ps
Target path end-point (Pin: pol_fifo0_reg[10]/D (DFFQXL/D))

==================================
Stage : global_incr_map 
==================================
  =================
   Message Summary
  =================
---------------------------------------------------------------------------
|   Id   |Sev |Count|                    Message Text                     |
---------------------------------------------------------------------------
|PHYS-752|Info|    1|Partition Based Synthesis execution skipped.         |
|POPT-51 |Info|    1|Could not declone clock-gating instances.            |
|        |    |     |The design should have 2 or more clock-gating        |
|        |    |     | instances for decloning.                            |
|SYNTH-2 |Info|    1|Done synthesizing.                                   |
|SYNTH-4 |Info|    1|Mapping.                                             |
---------------------------------------------------------------------------
 
Global incremental optimization status
======================================
                                   Group   
                                  Tot Wrst 
                           Total  Weighted 
Operation                   Area   Slacks  
 global_incr                1158        0 

    Cost Group            Target    Slack    Diff.  Constr.
-----------------------------------------------------------
           clk                70     1619              4000 

/home/aiasic26911/redred-faer/.st_launch_snu.polaris.09_189793

State Retention Synthesis Status
================================

Category                        Flops   Percentage
--------------------------------------------------
Total instances                    88        100.0
Excluded from State Retention      88        100.0
    - Will not convert             88        100.0
      - Preserved                   0          0.0
      - Power intent excluded      88        100.0
    - Could not convert             0          0.0
      - Scan type                   0          0.0
      - No suitable cell            0          0.0
State Retention instances           0          0.0
--------------------------------------------------

INFO: skipping constant propagation
PBS_Techmap-Global Mapping - Elapsed_Time 2, CPU_Time 2.3385689999999997
stamp 'PBS_Techmap-Global Mapping' being created for table 'pbs_debug'

  Total Time (Wall) |  Stage Time (Wall)  |   % (Wall)   |    Date - Time     |  Memory   | Stage
--------------------+---------------------+--------------+--------------------+-----------+----------------------
 00:00:19(00:00:17) |  00:00:00(00:00:00) |   0.0(  0.0) |    9:11:20 (Aug24) |  407.2 MB | PBS_Generic-Start
--------------------+---------------------+--------------+--------------------+-----------+----------------------
 00:00:19(00:00:18) |  00:00:00(00:00:01) |   8.0(  7.7) |    9:11:21 (Aug24) |  407.2 MB | PBS_Generic-earlyCG
--------------------+---------------------+--------------+--------------------+-----------+----------------------
 00:00:29(00:00:27) |  00:00:09(00:00:09) |  73.2( 69.2) |    9:11:30 (Aug24) |  812.7 MB | PBS_Generic_Opt-Post
--------------------+---------------------+--------------+--------------------+-----------+----------------------
 00:00:29(00:00:27) |  00:00:00(00:00:00) |   0.0(  0.0) |    9:11:30 (Aug24) |  812.7 MB | PBS_Generic-Postgen HBO Optimizations
--------------------+---------------------+--------------+--------------------+-----------+----------------------
 00:00:29(00:00:28) |  00:00:00(00:00:01) |   0.0(  7.7) |    9:11:31 (Aug24) |  812.7 MB | PBS_Generic-earlyCG_cleanup
--------------------+---------------------+--------------+--------------------+-----------+----------------------
 00:00:29(00:00:28) |  00:00:00(00:00:00) |   0.0(  0.0) |    9:11:31 (Aug24) |  812.7 MB | PBS_TechMap-Start
--------------------+---------------------+--------------+--------------------+-----------+----------------------
 00:00:29(00:00:28) |  00:00:00(00:00:00) |   0.0(  0.0) |    9:11:31 (Aug24) |  812.7 MB | PBS_TechMap-Premap HBO Optimizations
--------------------+---------------------+--------------+--------------------+-----------+----------------------
 00:00:31(00:00:30) |  00:00:02(00:00:02) |  18.7( 15.4) |    9:11:33 (Aug24) |  812.7 MB | PBS_Techmap-Global Mapping
--------------------+---------------------+--------------+--------------------+-----------+----------------------
Number of threads: 8 * 1   (id: pbs_debug, time_info v1.57)
Info: (*N*) indicates data that was populated from previously saved time_info database
Info: CPU time includes time of parent + longest thread
Info    : Wrote formal verification information. [CFM-5]
        : Wrote 'fv/aer_tx16_trad_rowcol_fovea_cluster2_steal_buf_polarity/fv_map.fv.json' for netlist 'fv/aer_tx16_trad_rowcol_fovea_cluster2_steal_buf_polarity/fv_map.v.gz'.
Info    : Existing dofile found. Copied as fv/aer_tx16_trad_rowcol_fovea_cluster2_steal_buf_polarity/rtl_to_fv_map.do~.
Info    : Wrote dofile. [CFM-1]
        : Dofile is 'fv/aer_tx16_trad_rowcol_fovea_cluster2_steal_buf_polarity/rtl_to_fv_map.do'.
        : RTL names flow is enabled.
PBS_TechMap-Datapath Postmap Operations - Elapsed_Time 1, CPU_Time 1.0
stamp 'PBS_TechMap-Datapath Postmap Operations' being created for table 'pbs_debug'

  Total Time (Wall) |  Stage Time (Wall)  |   % (Wall)   |    Date - Time     |  Memory   | Stage
--------------------+---------------------+--------------+--------------------+-----------+----------------------
 00:00:19(00:00:17) |  00:00:00(00:00:00) |   0.0(  0.0) |    9:11:20 (Aug24) |  407.2 MB | PBS_Generic-Start
--------------------+---------------------+--------------+--------------------+-----------+----------------------
 00:00:19(00:00:18) |  00:00:00(00:00:01) |   7.4(  7.1) |    9:11:21 (Aug24) |  407.2 MB | PBS_Generic-earlyCG
--------------------+---------------------+--------------+--------------------+-----------+----------------------
 00:00:29(00:00:27) |  00:00:09(00:00:09) |  67.8( 64.3) |    9:11:30 (Aug24) |  812.7 MB | PBS_Generic_Opt-Post
--------------------+---------------------+--------------+--------------------+-----------+----------------------
 00:00:29(00:00:27) |  00:00:00(00:00:00) |   0.0(  0.0) |    9:11:30 (Aug24) |  812.7 MB | PBS_Generic-Postgen HBO Optimizations
--------------------+---------------------+--------------+--------------------+-----------+----------------------
 00:00:29(00:00:28) |  00:00:00(00:00:01) |   0.0(  7.1) |    9:11:31 (Aug24) |  812.7 MB | PBS_Generic-earlyCG_cleanup
--------------------+---------------------+--------------+--------------------+-----------+----------------------
 00:00:29(00:00:28) |  00:00:00(00:00:00) |   0.0(  0.0) |    9:11:31 (Aug24) |  812.7 MB | PBS_TechMap-Start
--------------------+---------------------+--------------+--------------------+-----------+----------------------
 00:00:29(00:00:28) |  00:00:00(00:00:00) |   0.0(  0.0) |    9:11:31 (Aug24) |  812.7 MB | PBS_TechMap-Premap HBO Optimizations
--------------------+---------------------+--------------+--------------------+-----------+----------------------
 00:00:31(00:00:30) |  00:00:02(00:00:02) |  17.4( 14.3) |    9:11:33 (Aug24) |  812.7 MB | PBS_Techmap-Global Mapping
--------------------+---------------------+--------------+--------------------+-----------+----------------------
 00:00:32(00:00:31) |  00:00:01(00:00:01) |   7.4(  7.1) |    9:11:34 (Aug24) |  812.7 MB | PBS_TechMap-Datapath Postmap Operations
--------------------+---------------------+--------------+--------------------+-----------+----------------------
Number of threads: 8 * 1   (id: pbs_debug, time_info v1.57)
Info: (*N*) indicates data that was populated from previously saved time_info database
Info: CPU time includes time of parent + longest thread
PBS_TechMap-Postmap HBO Optimizations - Elapsed_Time 0, CPU_Time -0.00817299999999932
stamp 'PBS_TechMap-Postmap HBO Optimizations' being created for table 'pbs_debug'

  Total Time (Wall) |  Stage Time (Wall)  |   % (Wall)   |    Date - Time     |  Memory   | Stage
--------------------+---------------------+--------------+--------------------+-----------+----------------------
 00:00:19(00:00:17) |  00:00:00(00:00:00) |   0.0(  0.0) |    9:11:20 (Aug24) |  407.2 MB | PBS_Generic-Start
--------------------+---------------------+--------------+--------------------+-----------+----------------------
 00:00:19(00:00:18) |  00:00:00(00:00:01) |   7.4(  7.1) |    9:11:21 (Aug24) |  407.2 MB | PBS_Generic-earlyCG
--------------------+---------------------+--------------+--------------------+-----------+----------------------
 00:00:29(00:00:27) |  00:00:09(00:00:09) |  67.8( 64.3) |    9:11:30 (Aug24) |  812.7 MB | PBS_Generic_Opt-Post
--------------------+---------------------+--------------+--------------------+-----------+----------------------
 00:00:29(00:00:27) |  00:00:00(00:00:00) |   0.0(  0.0) |    9:11:30 (Aug24) |  812.7 MB | PBS_Generic-Postgen HBO Optimizations
--------------------+---------------------+--------------+--------------------+-----------+----------------------
 00:00:29(00:00:28) |  00:00:00(00:00:01) |   0.0(  7.1) |    9:11:31 (Aug24) |  812.7 MB | PBS_Generic-earlyCG_cleanup
--------------------+---------------------+--------------+--------------------+-----------+----------------------
 00:00:29(00:00:28) |  00:00:00(00:00:00) |   0.0(  0.0) |    9:11:31 (Aug24) |  812.7 MB | PBS_TechMap-Start
--------------------+---------------------+--------------+--------------------+-----------+----------------------
 00:00:29(00:00:28) |  00:00:00(00:00:00) |   0.0(  0.0) |    9:11:31 (Aug24) |  812.7 MB | PBS_TechMap-Premap HBO Optimizations
--------------------+---------------------+--------------+--------------------+-----------+----------------------
 00:00:31(00:00:30) |  00:00:02(00:00:02) |  17.4( 14.3) |    9:11:33 (Aug24) |  812.7 MB | PBS_Techmap-Global Mapping
--------------------+---------------------+--------------+--------------------+-----------+----------------------
 00:00:32(00:00:31) |  00:00:01(00:00:01) |   7.4(  7.1) |    9:11:34 (Aug24) |  812.7 MB | PBS_TechMap-Datapath Postmap Operations
--------------------+---------------------+--------------+--------------------+-----------+----------------------
 00:00:32(00:00:31) |  00:00:00(00:00:00) |  -0.1(  0.0) |    9:11:34 (Aug24) |  812.7 MB | PBS_TechMap-Postmap HBO Optimizations
--------------------+---------------------+--------------+--------------------+-----------+----------------------
Number of threads: 8 * 1   (id: pbs_debug, time_info v1.57)
Info: (*N*) indicates data that was populated from previously saved time_info database
Info: CPU time includes time of parent + longest thread
 Doing ConstProp on design:aer_tx16_trad_rowcol_fovea_cluster2_steal_buf_polarity ... 

  Decloning clock-gating logic from design:aer_tx16_trad_rowcol_fovea_cluster2_steal_buf_polarity
Clock-Gating declone Status
===========================
Total number of Synthesis inserted clock-gating instances before: 0
Total number of Synthesis inserted clock-gating instances after : 0
Total number of clock-gating instances before: 0
Total number of clock-gating instances after : 0
Time taken by ConstProp Step: 00:00:00
PBS_TechMap-Postmap Clock Gating - Elapsed_Time 0, CPU_Time 0.0
stamp 'PBS_TechMap-Postmap Clock Gating' being created for table 'pbs_debug'

  Total Time (Wall) |  Stage Time (Wall)  |   % (Wall)   |    Date - Time     |  Memory   | Stage
--------------------+---------------------+--------------+--------------------+-----------+----------------------
 00:00:19(00:00:17) |  00:00:00(00:00:00) |   0.0(  0.0) |    9:11:20 (Aug24) |  407.2 MB | PBS_Generic-Start
--------------------+---------------------+--------------+--------------------+-----------+----------------------
 00:00:19(00:00:18) |  00:00:00(00:00:01) |   7.4(  7.1) |    9:11:21 (Aug24) |  407.2 MB | PBS_Generic-earlyCG
--------------------+---------------------+--------------+--------------------+-----------+----------------------
 00:00:29(00:00:27) |  00:00:09(00:00:09) |  67.8( 64.3) |    9:11:30 (Aug24) |  812.7 MB | PBS_Generic_Opt-Post
--------------------+---------------------+--------------+--------------------+-----------+----------------------
 00:00:29(00:00:27) |  00:00:00(00:00:00) |   0.0(  0.0) |    9:11:30 (Aug24) |  812.7 MB | PBS_Generic-Postgen HBO Optimizations
--------------------+---------------------+--------------+--------------------+-----------+----------------------
 00:00:29(00:00:28) |  00:00:00(00:00:01) |   0.0(  7.1) |    9:11:31 (Aug24) |  812.7 MB | PBS_Generic-earlyCG_cleanup
--------------------+---------------------+--------------+--------------------+-----------+----------------------
 00:00:29(00:00:28) |  00:00:00(00:00:00) |   0.0(  0.0) |    9:11:31 (Aug24) |  812.7 MB | PBS_TechMap-Start
--------------------+---------------------+--------------+--------------------+-----------+----------------------
 00:00:29(00:00:28) |  00:00:00(00:00:00) |   0.0(  0.0) |    9:11:31 (Aug24) |  812.7 MB | PBS_TechMap-Premap HBO Optimizations
--------------------+---------------------+--------------+--------------------+-----------+----------------------
 00:00:31(00:00:30) |  00:00:02(00:00:02) |  17.4( 14.3) |    9:11:33 (Aug24) |  812.7 MB | PBS_Techmap-Global Mapping
--------------------+---------------------+--------------+--------------------+-----------+----------------------
 00:00:32(00:00:31) |  00:00:01(00:00:01) |   7.4(  7.1) |    9:11:34 (Aug24) |  812.7 MB | PBS_TechMap-Datapath Postmap Operations
--------------------+---------------------+--------------+--------------------+-----------+----------------------
 00:00:32(00:00:31) |  00:00:00(00:00:00) |  -0.1(  0.0) |    9:11:34 (Aug24) |  812.7 MB | PBS_TechMap-Postmap HBO Optimizations
--------------------+---------------------+--------------+--------------------+-----------+----------------------
 00:00:32(00:00:31) |  00:00:00(00:00:00) |   0.0(  0.0) |    9:11:34 (Aug24) |  812.7 MB | PBS_TechMap-Postmap Clock Gating
--------------------+---------------------+--------------+--------------------+-----------+----------------------
Number of threads: 8 * 1   (id: pbs_debug, time_info v1.57)
Info: (*N*) indicates data that was populated from previously saved time_info database
Info: CPU time includes time of parent + longest thread
-------------------------------------------------------------------------------
 hi_fo_buf                  1158        0         0         0        0

           Trick     Calls     Accepts   Attempts    Time(secs) 
-----------------------------------------------------------
       hi_fo_buf         0  (        0 /        0 )  0.00

 
Incremental optimization status
===============================
                                   Group   
                                  Tot Wrst     Total - - DRC Totals - -
                           Total  Weighted      Neg      Max       Max 
Operation                   Area   Slacks      Slack    Trans      Cap 
 init_delay                 1158        0         0         0        0

           Trick     Calls     Accepts   Attempts    Time(secs) 
-----------------------------------------------------------
       crit_upsz         0  (        0 /        0 )  0.00
    plc_bal_star         0  (        0 /        0 )  0.00
     drc_buftimb         0  (        0 /        0 )  0.00
          plc_st         0  (        0 /        0 )  0.00
    plc_st_fence         0  (        0 /        0 )  0.00
        plc_star         0  (        0 /        0 )  0.00
      plc_laf_st         0  (        0 /        0 )  0.00
 plc_laf_st_fence         0  (        0 /        0 )  0.00
     drc_buftims         0  (        0 /        0 )  0.00
            fopt         0  (        0 /        0 )  0.00
   plc_laf_lo_st         0  (        0 /        0 )  0.00
       plc_lo_st         0  (        0 /        0 )  0.00
        mb_split         0  (        0 /        0 )  0.00

 
Local TNS optimization status
=============================
                                   Group   
                                  Tot Wrst     Total - - DRC Totals - -
                           Total  Weighted      Neg      Max       Max 
Operation                   Area   Slacks      Slack    Trans      Cap 
 init_tns                   1158        0         0         0        0

           Trick     Calls     Accepts   Attempts    Time(secs) 
-----------------------------------------------------------
    plc_bal_star         0  (        0 /        0 )  0.00
     drc_buftimb         0  (        0 /        0 )  0.00
     drc_buftims         0  (        0 /        0 )  0.00
       crit_upsz         0  (        0 /        0 )  0.00
   plc_laf_lo_st         0  (        0 /        0 )  0.00
       plc_lo_st         0  (        0 /        0 )  0.00
            fopt         0  (        0 /        0 )  0.00
       crit_dnsz         0  (        0 /        0 )  0.00
             dup         0  (        0 /        0 )  0.00
        setup_dn         0  (        0 /        0 )  0.00
        mb_split         0  (        0 /        0 )  0.00

PBS_TechMap-Postmap Cleanup - Elapsed_Time 1, CPU_Time 0.9913820000000015
stamp 'PBS_TechMap-Postmap Cleanup' being created for table 'pbs_debug'

  Total Time (Wall) |  Stage Time (Wall)  |   % (Wall)   |    Date - Time     |  Memory   | Stage
--------------------+---------------------+--------------+--------------------+-----------+----------------------
 00:00:19(00:00:17) |  00:00:00(00:00:00) |   0.0(  0.0) |    9:11:20 (Aug24) |  407.2 MB | PBS_Generic-Start
--------------------+---------------------+--------------+--------------------+-----------+----------------------
 00:00:19(00:00:18) |  00:00:00(00:00:01) |   6.9(  6.7) |    9:11:21 (Aug24) |  407.2 MB | PBS_Generic-earlyCG
--------------------+---------------------+--------------+--------------------+-----------+----------------------
 00:00:29(00:00:27) |  00:00:09(00:00:09) |  63.2( 60.0) |    9:11:30 (Aug24) |  812.7 MB | PBS_Generic_Opt-Post
--------------------+---------------------+--------------+--------------------+-----------+----------------------
 00:00:29(00:00:27) |  00:00:00(00:00:00) |   0.0(  0.0) |    9:11:30 (Aug24) |  812.7 MB | PBS_Generic-Postgen HBO Optimizations
--------------------+---------------------+--------------+--------------------+-----------+----------------------
 00:00:29(00:00:28) |  00:00:00(00:00:01) |   0.0(  6.7) |    9:11:31 (Aug24) |  812.7 MB | PBS_Generic-earlyCG_cleanup
--------------------+---------------------+--------------+--------------------+-----------+----------------------
 00:00:29(00:00:28) |  00:00:00(00:00:00) |   0.0(  0.0) |    9:11:31 (Aug24) |  812.7 MB | PBS_TechMap-Start
--------------------+---------------------+--------------+--------------------+-----------+----------------------
 00:00:29(00:00:28) |  00:00:00(00:00:00) |   0.0(  0.0) |    9:11:31 (Aug24) |  812.7 MB | PBS_TechMap-Premap HBO Optimizations
--------------------+---------------------+--------------+--------------------+-----------+----------------------
 00:00:31(00:00:30) |  00:00:02(00:00:02) |  16.2( 13.3) |    9:11:33 (Aug24) |  812.7 MB | PBS_Techmap-Global Mapping
--------------------+---------------------+--------------+--------------------+-----------+----------------------
 00:00:32(00:00:31) |  00:00:01(00:00:01) |   6.9(  6.7) |    9:11:34 (Aug24) |  812.7 MB | PBS_TechMap-Datapath Postmap Operations
--------------------+---------------------+--------------+--------------------+-----------+----------------------
 00:00:32(00:00:31) |  00:00:00(00:00:00) |  -0.1(  0.0) |    9:11:34 (Aug24) |  812.7 MB | PBS_TechMap-Postmap HBO Optimizations
--------------------+---------------------+--------------+--------------------+-----------+----------------------
 00:00:32(00:00:31) |  00:00:00(00:00:00) |   0.0(  0.0) |    9:11:34 (Aug24) |  812.7 MB | PBS_TechMap-Postmap Clock Gating
--------------------+---------------------+--------------+--------------------+-----------+----------------------
 00:00:33(00:00:32) |  00:00:00(00:00:01) |   6.9(  6.7) |    9:11:35 (Aug24) |  803.8 MB | PBS_TechMap-Postmap Cleanup
--------------------+---------------------+--------------+--------------------+-----------+----------------------
Number of threads: 8 * 1   (id: pbs_debug, time_info v1.57)
Info: (*N*) indicates data that was populated from previously saved time_info database
Info: CPU time includes time of parent + longest thread
PBS_Techmap-Post_MBCI - Elapsed_Time 0, CPU_Time 0.0
stamp 'PBS_Techmap-Post_MBCI' being created for table 'pbs_debug'

  Total Time (Wall) |  Stage Time (Wall)  |   % (Wall)   |    Date - Time     |  Memory   | Stage
--------------------+---------------------+--------------+--------------------+-----------+----------------------
 00:00:19(00:00:17) |  00:00:00(00:00:00) |   0.0(  0.0) |    9:11:20 (Aug24) |  407.2 MB | PBS_Generic-Start
--------------------+---------------------+--------------+--------------------+-----------+----------------------
 00:00:19(00:00:18) |  00:00:00(00:00:01) |   6.9(  6.7) |    9:11:21 (Aug24) |  407.2 MB | PBS_Generic-earlyCG
--------------------+---------------------+--------------+--------------------+-----------+----------------------
 00:00:29(00:00:27) |  00:00:09(00:00:09) |  63.2( 60.0) |    9:11:30 (Aug24) |  812.7 MB | PBS_Generic_Opt-Post
--------------------+---------------------+--------------+--------------------+-----------+----------------------
 00:00:29(00:00:27) |  00:00:00(00:00:00) |   0.0(  0.0) |    9:11:30 (Aug24) |  812.7 MB | PBS_Generic-Postgen HBO Optimizations
--------------------+---------------------+--------------+--------------------+-----------+----------------------
 00:00:29(00:00:28) |  00:00:00(00:00:01) |   0.0(  6.7) |    9:11:31 (Aug24) |  812.7 MB | PBS_Generic-earlyCG_cleanup
--------------------+---------------------+--------------+--------------------+-----------+----------------------
 00:00:29(00:00:28) |  00:00:00(00:00:00) |   0.0(  0.0) |    9:11:31 (Aug24) |  812.7 MB | PBS_TechMap-Start
--------------------+---------------------+--------------+--------------------+-----------+----------------------
 00:00:29(00:00:28) |  00:00:00(00:00:00) |   0.0(  0.0) |    9:11:31 (Aug24) |  812.7 MB | PBS_TechMap-Premap HBO Optimizations
--------------------+---------------------+--------------+--------------------+-----------+----------------------
 00:00:31(00:00:30) |  00:00:02(00:00:02) |  16.2( 13.3) |    9:11:33 (Aug24) |  812.7 MB | PBS_Techmap-Global Mapping
--------------------+---------------------+--------------+--------------------+-----------+----------------------
 00:00:32(00:00:31) |  00:00:01(00:00:01) |   6.9(  6.7) |    9:11:34 (Aug24) |  812.7 MB | PBS_TechMap-Datapath Postmap Operations
--------------------+---------------------+--------------+--------------------+-----------+----------------------
 00:00:32(00:00:31) |  00:00:00(00:00:00) |  -0.1(  0.0) |    9:11:34 (Aug24) |  812.7 MB | PBS_TechMap-Postmap HBO Optimizations
--------------------+---------------------+--------------+--------------------+-----------+----------------------
 00:00:32(00:00:31) |  00:00:00(00:00:00) |   0.0(  0.0) |    9:11:34 (Aug24) |  812.7 MB | PBS_TechMap-Postmap Clock Gating
--------------------+---------------------+--------------+--------------------+-----------+----------------------
 00:00:33(00:00:32) |  00:00:00(00:00:01) |   6.9(  6.7) |    9:11:35 (Aug24) |  803.8 MB | PBS_TechMap-Postmap Cleanup
--------------------+---------------------+--------------+--------------------+-----------+----------------------
 00:00:33(00:00:32) |  00:00:00(00:00:00) |   0.0(  0.0) |    9:11:35 (Aug24) |  803.8 MB | PBS_Techmap-Post_MBCI
--------------------+---------------------+--------------+--------------------+-----------+----------------------
Number of threads: 8 * 1   (id: pbs_debug, time_info v1.57)
Info: (*N*) indicates data that was populated from previously saved time_info database
Info: CPU time includes time of parent + longest thread
##>=================== Cadence Confidential (Mapping-Logical) ===================
##>Main Thread Summary:
##>----------------------------------------------------------------------------------------
##>STEP                           Elapsed       WNS       TNS     Insts      Area    Memory
##>----------------------------------------------------------------------------------------
##>M:Initial                            0         -         -       638      2286       812
##>M:Early Clock Gating                 0         -         -         -         -         -
##>M:Pre Cleanup                        0         -         -       638      2286       812
##>M:Setup                              0         -         -         -         -         -
##>M:Launch ST                          0         -         -         -         -         -
##>M:Design Partition                   0         -         -         -         -         -
##>M:Create Partition Netlists          0         -         -         -         -         -
##>M:Init Power                         0         -         -         -         -         -
##>M:Budgeting                          0         -         -         -         -         -
##>M:Derenv-DB                          0         -         -         -         -         -
##>M:Debug Outputs                      0         -         -         -         -         -
##>M:ST loading                         0         -         -         -         -         -
##>M:Distributed                        0         -         -         -         -         -
##>M:Timer                              0         -         -         -         -         -
##>M:Assembly                           0         -         -         -         -         -
##>M:DFT                                0         -         -         -         -         -
##>M:DP Operations                      1         -         -       548      1158       812
##>M:Const Prop                         0      1618         0       548      1158       812
##>M:Cleanup                            1      1618         0       548      1158       803
##>M:MBCI                               0         -         -       548      1158       803
##>M:PostGen Opt                        0         -         -         -         -         -
##>M:Const Gate Removal                 0         -         -         -         -         -
##>M:Early Clock Gating Cleanup         0         -         -         -         -         -
##>M:Misc                               2
##>----------------------------------------------------------------------------------------
##>Total Elapsed                        4
##>========================================================================================
Info    : Done mapping. [SYNTH-5]
        : Done mapping 'aer_tx16_trad_rowcol_fovea_cluster2_steal_buf_polarity'.
      flow.cputime  flow.realtime  timing.setup.tns  timing.setup.wns  snapshot
UM:*                                                                   syn_map
@file(genus_4.0.tcl) 16: syn_opt
Warning : The selected flow setting will be removed in a future release. [SYNTH-33]
        : The use of 'syn_opt' for logical only optimization will be obsolete in a future release.
	Transition to 'syn_opt -logical' or 'syn_opt -spatial'.

        : Contact Cadence support to understand current flows.
Info    : Incrementally optimizing. [SYNTH-7]
        : Incrementally optimizing 'aer_tx16_trad_rowcol_fovea_cluster2_steal_buf_polarity' using 'high' effort.
  Decloning clock-gating logic from design:aer_tx16_trad_rowcol_fovea_cluster2_steal_buf_polarity
Forcing hierarchical CG on for clock_gating declone -hier
Clock-Gating declone Status
===========================
Total number of Synthesis inserted clock-gating instances before: 0
Total number of Synthesis inserted clock-gating instances after : 0
Total number of clock-gating instances before: 0
Total number of clock-gating instances after : 0
 
Incremental optimization status
===============================
                                   Group   
                                  Tot Wrst     Total - - DRC Totals - -
                           Total  Weighted      Neg      Max       Max 
Operation                   Area   Slacks      Slack    Trans      Cap 
 init_iopt                  1158        0         0         0        0
-------------------------------------------------------------------------------
 const_prop                 1158        0         0         0        0
-------------------------------------------------------------------------------
 hi_fo_buf                  1158        0         0         0        0

           Trick     Calls     Accepts   Attempts    Time(secs) 
-----------------------------------------------------------
       hi_fo_buf         0  (        0 /        0 )  0.00

 
Incremental optimization status
===============================
                                   Group   
                                  Tot Wrst     Total - - DRC Totals - -
                           Total  Weighted      Neg      Max       Max 
Operation                   Area   Slacks      Slack    Trans      Cap 
 init_delay                 1158        0         0         0        0

           Trick     Calls     Accepts   Attempts    Time(secs) 
-----------------------------------------------------------
        crit_msz         0  (        0 /        0 )  0.00
       crit_upsz         0  (        0 /        0 )  0.00
       crit_slew         0  (        0 /        0 )  0.00
        setup_dn         0  (        0 /        0 )  0.00
    plc_bal_star         0  (        0 /        0 )  0.00
     drc_buftimb         0  (        0 /        0 )  0.00
          plc_st         0  (        0 /        0 )  0.00
    plc_st_fence         0  (        0 /        0 )  0.00
        plc_star         0  (        0 /        0 )  0.00
      plc_laf_st         0  (        0 /        0 )  0.00
 plc_laf_st_fence         0  (        0 /        0 )  0.00
     drc_buftims         0  (        0 /        0 )  0.00
   plc_laf_lo_st         0  (        0 /        0 )  0.00
       plc_lo_st         0  (        0 /        0 )  0.00
            fopt         0  (        0 /        0 )  0.00
       crit_swap         0  (        0 /        0 )  0.00
       mux2_swap         0  (        0 /        0 )  0.00
       crit_dnsz         0  (        0 /        0 )  0.00
       load_swap         0  (        0 /        0 )  0.00
            fopt         0  (        0 /        0 )  0.00
        setup_dn         0  (        0 /        0 )  0.00
       load_isol         0  (        0 /        0 )  0.00
       load_isol         0  (        0 /        0 )  0.00
        move_for         0  (        0 /        0 )  0.00
        move_for         0  (        0 /        0 )  0.00
          rem_bi         0  (        0 /        0 )  0.00
         offload         0  (        0 /        0 )  0.00
          rem_bi         0  (        0 /        0 )  0.00
         offload         0  (        0 /        0 )  0.00
           phase         0  (        0 /        0 )  0.00
        in_phase         0  (        0 /        0 )  0.00
       merge_bit         0  (        0 /        0 )  0.00
     merge_idrvr         0  (        0 /        0 )  0.00
     merge_iload         0  (        0 /        0 )  0.00
    merge_idload         0  (        0 /        0 )  0.00
      merge_drvr         0  (        0 /        0 )  0.00
      merge_load         0  (        0 /        0 )  0.00
          decomp         0  (        0 /        0 )  0.00
        p_decomp         0  (        0 /        0 )  0.00
        levelize         0  (        0 /        0 )  0.00
        mb_split         0  (        0 /        0 )  0.00
             dup         0  (        0 /        0 )  0.00
      mux_retime         0  (        0 /        0 )  0.00
         buf2inv         0  (        0 /        0 )  0.00
             exp         0  (        0 /        0 )  0.00
       gate_deco         0  (        0 /        0 )  0.00
       gcomp_tim         0  (        0 /        0 )  0.00
  inv_pair_2_buf         0  (        0 /        0 )  0.00


           Trick     Calls     Accepts   Attempts    Time(secs) 
-----------------------------------------------------------
         crr_220         0  (        0 /        0 )  0.00
        crr_glob         0  (        0 /        0 )  0.00
         crr_200         0  (        0 /        0 )  0.00
        crr_glob         0  (        0 /        0 )  0.00
         crr_300         0  (        0 /        0 )  0.00
        crr_glob         0  (        0 /        0 )  0.00
         crr_400         0  (        0 /        0 )  0.00
        crr_glob         0  (        0 /        0 )  0.00
         crr_111         0  (        0 /        0 )  0.00
        crr_glob         0  (        0 /        0 )  0.00
         crr_210         0  (        0 /        0 )  0.00
        crr_glob         0  (        0 /        0 )  0.00
         crr_110         0  (        0 /        0 )  0.00
        crr_glob         0  (        0 /        0 )  0.00
         crr_101         0  (        0 /        0 )  0.00
        crr_glob         0  (        0 /        0 )  0.00
         crr_201         0  (        0 /        0 )  0.00
        crr_glob         0  (        0 /        0 )  0.00
         crr_211         0  (        0 /        0 )  0.00
        crr_glob         0  (        0 /        0 )  0.00
        crit_msz         0  (        0 /        0 )  0.00
       crit_upsz         0  (        0 /        0 )  0.00
       crit_slew         0  (        0 /        0 )  0.00
        setup_dn         0  (        0 /        0 )  0.00
    plc_bal_star         0  (        0 /        0 )  0.00
     drc_buftimb         0  (        0 /        0 )  0.00
          plc_st         0  (        0 /        0 )  0.00
    plc_st_fence         0  (        0 /        0 )  0.00
        plc_star         0  (        0 /        0 )  0.00
      plc_laf_st         0  (        0 /        0 )  0.00
 plc_laf_st_fence         0  (        0 /        0 )  0.00
     drc_buftims         0  (        0 /        0 )  0.00
       plc_lo_st         0  (        0 /        0 )  0.00
            fopt         0  (        0 /        0 )  0.00
       crit_swap         0  (        0 /        0 )  0.00
       mux2_swap         0  (        0 /        0 )  0.00
       crit_dnsz         0  (        0 /        0 )  0.00
       load_swap         0  (        0 /        0 )  0.00
            fopt         0  (        0 /        0 )  0.00
        setup_dn         0  (        0 /        0 )  0.00
       load_isol         0  (        0 /        0 )  0.00
       load_isol         0  (        0 /        0 )  0.00
        move_for         0  (        0 /        0 )  0.00
        move_for         0  (        0 /        0 )  0.00
          rem_bi         0  (        0 /        0 )  0.00
         offload         0  (        0 /        0 )  0.00
          rem_bi         0  (        0 /        0 )  0.00
         offload         0  (        0 /        0 )  0.00
       merge_bit         0  (        0 /        0 )  0.00
     merge_idrvr         0  (        0 /        0 )  0.00
     merge_iload         0  (        0 /        0 )  0.00
    merge_idload         0  (        0 /        0 )  0.00
      merge_drvr         0  (        0 /        0 )  0.00
      merge_load         0  (        0 /        0 )  0.00
           phase         0  (        0 /        0 )  0.00
          decomp         0  (        0 /        0 )  0.00
        p_decomp         0  (        0 /        0 )  0.00
        levelize         0  (        0 /        0 )  0.00
        mb_split         0  (        0 /        0 )  0.00
        in_phase         0  (        0 /        0 )  0.00
             dup         0  (        0 /        0 )  0.00
      mux_retime         0  (        0 /        0 )  0.00
         buf2inv         0  (        0 /        0 )  0.00
             exp         0  (        0 /        0 )  0.00
       gate_deco         0  (        0 /        0 )  0.00
       gcomp_tim         0  (        0 /        0 )  0.00
  inv_pair_2_buf         0  (        0 /        0 )  0.00
 init_drc                   1158        0         0         0        0

           Trick     Calls     Accepts   Attempts    Time(secs) 
-----------------------------------------------------------
          plc_st         0  (        0 /        0 )  0.00
        plc_star         0  (        0 /        0 )  0.00
        drc_bufs         0  (        0 /        0 )  0.00
        drc_fopt         0  (        0 /        0 )  0.00
        drc_bufb         0  (        0 /        0 )  0.00
      simple_buf         0  (        0 /        0 )  0.00
             dup         0  (        0 /        0 )  0.00
       crit_dnsz         0  (        0 /        0 )  0.00
       crit_upsz         0  (        0 /        0 )  0.00
       crit_slew         0  (        0 /        0 )  0.00


           Trick     Calls     Accepts   Attempts    Time(secs) 
-----------------------------------------------------------
          plc_st         0  (        0 /        0 )  0.00
        plc_star         0  (        0 /        0 )  0.00
      drc_buf_sp         0  (        0 /        0 )  0.00
        drc_bufs         0  (        0 /        0 )  0.00
        drc_fopt         0  (        0 /        0 )  0.00
        drc_bufb         0  (        0 /        0 )  0.00
      simple_buf         0  (        0 /        0 )  0.00
             dup         0  (        0 /        0 )  0.00
       crit_dnsz         0  (        0 /        0 )  0.00
       crit_upsz         0  (        0 /        0 )  0.00


           Trick     Calls     Accepts   Attempts    Time(secs) 
-----------------------------------------------------------
          plc_st         0  (        0 /        0 )  0.00
        plc_star         0  (        0 /        0 )  0.00
      drc_buf_sp         0  (        0 /        0 )  0.00
        drc_bufs         0  (        0 /        0 )  0.00
        drc_fopt         0  (        0 /        0 )  0.00
        drc_bufb         0  (        0 /        0 )  0.00
             dup         0  (        0 /        0 )  0.00
       crit_dnsz         0  (        0 /        0 )  0.00
       crit_upsz         0  (        0 /        0 )  0.00

 init_tns                   1158        0         0         0        0

           Trick     Calls     Accepts   Attempts    Time(secs) 
-----------------------------------------------------------
            fopt         0  (        0 /        0 )  0.00
    plc_bal_star         0  (        0 /        0 )  0.00
     drc_buftimb         0  (        0 /        0 )  0.00
     drc_buftims         0  (        0 /        0 )  0.00
        crit_msz         0  (        0 /        0 )  0.00
       crit_upsz         0  (        0 /        0 )  0.00
   plc_laf_lo_st         0  (        0 /        0 )  0.00
       plc_lo_st         0  (        0 /        0 )  0.00
       crit_swap         0  (        0 /        0 )  0.00
       mux2_swap         0  (        0 /        0 )  0.00
       crit_dnsz         0  (        0 /        0 )  0.00
       load_swap         0  (        0 /        0 )  0.00
            fopt         0  (        0 /        0 )  0.00
        setup_dn         0  (        0 /        0 )  0.00
       load_isol         0  (        0 /        0 )  0.00
       load_isol         0  (        0 /        0 )  0.00
        move_for         0  (        0 /        0 )  0.00
        move_for         0  (        0 /        0 )  0.00
          rem_bi         0  (        0 /        0 )  0.00
         offload         0  (        0 /        0 )  0.00
          rem_bi         0  (        0 /        0 )  0.00
         offload         0  (        0 /        0 )  0.00
       merge_bit         0  (        0 /        0 )  0.00
     merge_idrvr         0  (        0 /        0 )  0.00
     merge_iload         0  (        0 /        0 )  0.00
    merge_idload         0  (        0 /        0 )  0.00
      merge_drvr         0  (        0 /        0 )  0.00
      merge_load         0  (        0 /        0 )  0.00
           phase         0  (        0 /        0 )  0.00
          decomp         0  (        0 /        0 )  0.00
        p_decomp         0  (        0 /        0 )  0.00
        levelize         0  (        0 /        0 )  0.00
        mb_split         0  (        0 /        0 )  0.00
             dup         0  (        0 /        0 )  0.00
      mux_retime         0  (        0 /        0 )  0.00
       crr_local         0  (        0 /        0 )  0.00
         buf2inv         0  (        0 /        0 )  0.00

 init_area                  1158        0         0         0        0
 gate_comp                  1157        0         0         0        0

           Trick     Calls     Accepts   Attempts    Time(secs) 
-----------------------------------------------------------
           undup         0  (        0 /        0 )  0.00
         rem_buf         0  (        0 /        0 )  0.00
         rem_inv         0  (        0 /        0 )  0.00
        merge_bi         0  (        0 /        0 )  0.00
      rem_inv_qb        16  (        0 /        0 )  0.02
    seq_res_area         3  (        0 /        0 )  0.47
        io_phase         9  (        0 /        0 )  0.02
       gate_comp         6  (        4 /        4 )  0.05
       gcomp_mog        47  (        0 /        0 )  0.15
       glob_area        17  (        0 /       17 )  0.02
       area_down         2  (        0 /        0 )  0.01
      size_n_buf         0  (        0 /        0 )  0.00
  gate_deco_area         0  (        0 /        0 )  0.00
         rem_buf         0  (        0 /        0 )  0.00
         rem_inv         0  (        0 /        0 )  0.00
        merge_bi         0  (        0 /        0 )  0.00
      rem_inv_qb        16  (        0 /        0 )  0.02

 
Incremental optimization status
===============================
                                   Group   
                                  Tot Wrst     Total - - DRC Totals - -
                           Total  Weighted      Neg      Max       Max 
Operation                   Area   Slacks      Slack    Trans      Cap 
 init_delay                 1157        0         0         0        0

           Trick     Calls     Accepts   Attempts    Time(secs) 
-----------------------------------------------------------
         crr_220         0  (        0 /        0 )  0.00
        crr_glob         0  (        0 /        0 )  0.00
         crr_200         0  (        0 /        0 )  0.00
        crr_glob         0  (        0 /        0 )  0.00
         crr_300         0  (        0 /        0 )  0.00
        crr_glob         0  (        0 /        0 )  0.00
         crr_400         0  (        0 /        0 )  0.00
        crr_glob         0  (        0 /        0 )  0.00
         crr_111         0  (        0 /        0 )  0.00
        crr_glob         0  (        0 /        0 )  0.00
         crr_210         0  (        0 /        0 )  0.00
        crr_glob         0  (        0 /        0 )  0.00
         crr_110         0  (        0 /        0 )  0.00
        crr_glob         0  (        0 /        0 )  0.00
         crr_101         0  (        0 /        0 )  0.00
        crr_glob         0  (        0 /        0 )  0.00
         crr_201         0  (        0 /        0 )  0.00
        crr_glob         0  (        0 /        0 )  0.00
         crr_211         0  (        0 /        0 )  0.00
        crr_glob         0  (        0 /        0 )  0.00
        crit_msz         0  (        0 /        0 )  0.00
       crit_upsz         0  (        0 /        0 )  0.00
       crit_slew         0  (        0 /        0 )  0.00
        setup_dn         0  (        0 /        0 )  0.00
    plc_bal_star         0  (        0 /        0 )  0.00
     drc_buftimb         0  (        0 /        0 )  0.00
          plc_st         0  (        0 /        0 )  0.00
    plc_st_fence         0  (        0 /        0 )  0.00
        plc_star         0  (        0 /        0 )  0.00
      plc_laf_st         0  (        0 /        0 )  0.00
 plc_laf_st_fence         0  (        0 /        0 )  0.00
     drc_buftims         0  (        0 /        0 )  0.00
       plc_lo_st         0  (        0 /        0 )  0.00
            fopt         0  (        0 /        0 )  0.00
       crit_swap         0  (        0 /        0 )  0.00
       mux2_swap         0  (        0 /        0 )  0.00
       crit_dnsz         0  (        0 /        0 )  0.00
       load_swap         0  (        0 /        0 )  0.00
            fopt         0  (        0 /        0 )  0.00
        setup_dn         0  (        0 /        0 )  0.00
       load_isol         0  (        0 /        0 )  0.00
       load_isol         0  (        0 /        0 )  0.00
        move_for         0  (        0 /        0 )  0.00
        move_for         0  (        0 /        0 )  0.00
          rem_bi         0  (        0 /        0 )  0.00
         offload         0  (        0 /        0 )  0.00
          rem_bi         0  (        0 /        0 )  0.00
         offload         0  (        0 /        0 )  0.00
       merge_bit         0  (        0 /        0 )  0.00
     merge_idrvr         0  (        0 /        0 )  0.00
     merge_iload         0  (        0 /        0 )  0.00
    merge_idload         0  (        0 /        0 )  0.00
      merge_drvr         0  (        0 /        0 )  0.00
      merge_load         0  (        0 /        0 )  0.00
           phase         0  (        0 /        0 )  0.00
          decomp         0  (        0 /        0 )  0.00
        p_decomp         0  (        0 /        0 )  0.00
        levelize         0  (        0 /        0 )  0.00
        mb_split         0  (        0 /        0 )  0.00
        in_phase         0  (        0 /        0 )  0.00
             dup         0  (        0 /        0 )  0.00
      mux_retime         0  (        0 /        0 )  0.00
         buf2inv         0  (        0 /        0 )  0.00
             exp         0  (        0 /        0 )  0.00
       gate_deco         0  (        0 /        0 )  0.00
       gcomp_tim         0  (        0 /        0 )  0.00
  inv_pair_2_buf         0  (        0 /        0 )  0.00
 init_drc                   1157        0         0         0        0

           Trick     Calls     Accepts   Attempts    Time(secs) 
-----------------------------------------------------------
          plc_st         0  (        0 /        0 )  0.00
        plc_star         0  (        0 /        0 )  0.00
        drc_bufs         0  (        0 /        0 )  0.00
        drc_fopt         0  (        0 /        0 )  0.00
        drc_bufb         0  (        0 /        0 )  0.00
      simple_buf         0  (        0 /        0 )  0.00
             dup         0  (        0 /        0 )  0.00
       crit_dnsz         0  (        0 /        0 )  0.00
       crit_upsz         0  (        0 /        0 )  0.00
       crit_slew         0  (        0 /        0 )  0.00


           Trick     Calls     Accepts   Attempts    Time(secs) 
-----------------------------------------------------------
          plc_st         0  (        0 /        0 )  0.00
        plc_star         0  (        0 /        0 )  0.00
        drc_bufs         0  (        0 /        0 )  0.00
        drc_fopt         0  (        0 /        0 )  0.00
        drc_bufb         0  (        0 /        0 )  0.00
      simple_buf         0  (        0 /        0 )  0.00
             dup         0  (        0 /        0 )  0.00
       crit_dnsz         0  (        0 /        0 )  0.00
       crit_upsz         0  (        0 /        0 )  0.00


           Trick     Calls     Accepts   Attempts    Time(secs) 
-----------------------------------------------------------
          plc_st         0  (        0 /        0 )  0.00
        plc_star         0  (        0 /        0 )  0.00
        drc_bufs         0  (        0 /        0 )  0.00
        drc_fopt         0  (        0 /        0 )  0.00
        drc_bufb         0  (        0 /        0 )  0.00
             dup         0  (        0 /        0 )  0.00
       crit_dnsz         0  (        0 /        0 )  0.00
       crit_upsz         0  (        0 /        0 )  0.00

 init_tns                   1157        0         0         0        0

           Trick     Calls     Accepts   Attempts    Time(secs) 
-----------------------------------------------------------
            fopt         0  (        0 /        0 )  0.00
    plc_bal_star         0  (        0 /        0 )  0.00
     drc_buftimb         0  (        0 /        0 )  0.00
     drc_buftims         0  (        0 /        0 )  0.00
        crit_msz         0  (        0 /        0 )  0.00
       crit_upsz         0  (        0 /        0 )  0.00
   plc_laf_lo_st         0  (        0 /        0 )  0.00
       plc_lo_st         0  (        0 /        0 )  0.00
       crit_swap         0  (        0 /        0 )  0.00
       mux2_swap         0  (        0 /        0 )  0.00
       crit_dnsz         0  (        0 /        0 )  0.00
       load_swap         0  (        0 /        0 )  0.00
            fopt         0  (        0 /        0 )  0.00
        setup_dn         0  (        0 /        0 )  0.00
       load_isol         0  (        0 /        0 )  0.00
       load_isol         0  (        0 /        0 )  0.00
        move_for         0  (        0 /        0 )  0.00
        move_for         0  (        0 /        0 )  0.00
          rem_bi         0  (        0 /        0 )  0.00
         offload         0  (        0 /        0 )  0.00
          rem_bi         0  (        0 /        0 )  0.00
         offload         0  (        0 /        0 )  0.00
       merge_bit         0  (        0 /        0 )  0.00
     merge_idrvr         0  (        0 /        0 )  0.00
     merge_iload         0  (        0 /        0 )  0.00
    merge_idload         0  (        0 /        0 )  0.00
      merge_drvr         0  (        0 /        0 )  0.00
      merge_load         0  (        0 /        0 )  0.00
           phase         0  (        0 /        0 )  0.00
          decomp         0  (        0 /        0 )  0.00
        p_decomp         0  (        0 /        0 )  0.00
        levelize         0  (        0 /        0 )  0.00
        mb_split         0  (        0 /        0 )  0.00
             dup         0  (        0 /        0 )  0.00
      mux_retime         0  (        0 /        0 )  0.00
       crr_local         0  (        0 /        0 )  0.00
         buf2inv         0  (        0 /        0 )  0.00

 init_area                  1157        0         0         0        0

           Trick     Calls     Accepts   Attempts    Time(secs) 
-----------------------------------------------------------
           undup         0  (        0 /        0 )  0.00
         rem_buf         0  (        0 /        0 )  0.00
         rem_inv         0  (        0 /        0 )  0.00
        merge_bi         0  (        0 /        0 )  0.00
      rem_inv_qb        16  (        0 /        0 )  0.03
        io_phase         9  (        0 /        0 )  0.02
       gate_comp         2  (        0 /        0 )  0.04
       gcomp_mog        47  (        0 /        0 )  0.15
       glob_area        17  (        0 /       17 )  0.02
       area_down         2  (        0 /        0 )  0.01
      size_n_buf         0  (        0 /        0 )  0.00
  gate_deco_area         0  (        0 /        0 )  0.00

 
Incremental optimization status
===============================
                                   Group   
                                  Tot Wrst     Total - - DRC Totals - -
                           Total  Weighted      Neg      Max       Max 
Operation                   Area   Slacks      Slack    Trans      Cap 
 init_delay                 1157        0         0         0        0

           Trick     Calls     Accepts   Attempts    Time(secs) 
-----------------------------------------------------------
        crit_msz         0  (        0 /        0 )  0.00
       crit_upsz         0  (        0 /        0 )  0.00
       crit_slew         0  (        0 /        0 )  0.00
        setup_dn         0  (        0 /        0 )  0.00
    plc_bal_star         0  (        0 /        0 )  0.00
     drc_buftimb         0  (        0 /        0 )  0.00
          plc_st         0  (        0 /        0 )  0.00
    plc_st_fence         0  (        0 /        0 )  0.00
        plc_star         0  (        0 /        0 )  0.00
      plc_laf_st         0  (        0 /        0 )  0.00
 plc_laf_st_fence         0  (        0 /        0 )  0.00
     drc_buftims         0  (        0 /        0 )  0.00
   plc_laf_lo_st         0  (        0 /        0 )  0.00
       plc_lo_st         0  (        0 /        0 )  0.00
            fopt         0  (        0 /        0 )  0.00
       crit_swap         0  (        0 /        0 )  0.00
       mux2_swap         0  (        0 /        0 )  0.00
       crit_dnsz         0  (        0 /        0 )  0.00
       load_swap         0  (        0 /        0 )  0.00
            fopt         0  (        0 /        0 )  0.00
        setup_dn         0  (        0 /        0 )  0.00
       load_isol         0  (        0 /        0 )  0.00
       load_isol         0  (        0 /        0 )  0.00
        move_for         0  (        0 /        0 )  0.00
        move_for         0  (        0 /        0 )  0.00
          rem_bi         0  (        0 /        0 )  0.00
         offload         0  (        0 /        0 )  0.00
          rem_bi         0  (        0 /        0 )  0.00
         offload         0  (        0 /        0 )  0.00
           phase         0  (        0 /        0 )  0.00
        in_phase         0  (        0 /        0 )  0.00
       merge_bit         0  (        0 /        0 )  0.00
     merge_idrvr         0  (        0 /        0 )  0.00
     merge_iload         0  (        0 /        0 )  0.00
    merge_idload         0  (        0 /        0 )  0.00
      merge_drvr         0  (        0 /        0 )  0.00
      merge_load         0  (        0 /        0 )  0.00
          decomp         0  (        0 /        0 )  0.00
        p_decomp         0  (        0 /        0 )  0.00
        levelize         0  (        0 /        0 )  0.00
        mb_split         0  (        0 /        0 )  0.00
             dup         0  (        0 /        0 )  0.00
      mux_retime         0  (        0 /        0 )  0.00
         buf2inv         0  (        0 /        0 )  0.00
             exp         0  (        0 /        0 )  0.00
       gate_deco         0  (        0 /        0 )  0.00
       gcomp_tim         0  (        0 /        0 )  0.00
  inv_pair_2_buf         0  (        0 /        0 )  0.00

 init_drc                   1157        0         0         0        0

           Trick     Calls     Accepts   Attempts    Time(secs) 
-----------------------------------------------------------
          plc_st         0  (        0 /        0 )  0.00
        plc_star         0  (        0 /        0 )  0.00
        drc_bufs         0  (        0 /        0 )  0.00
        drc_fopt         0  (        0 /        0 )  0.00
        drc_bufb         0  (        0 /        0 )  0.00
      simple_buf         0  (        0 /        0 )  0.00
             dup         0  (        0 /        0 )  0.00
       crit_dnsz         0  (        0 /        0 )  0.00
       crit_upsz         0  (        0 /        0 )  0.00
       crit_slew         0  (        0 /        0 )  0.00


           Trick     Calls     Accepts   Attempts    Time(secs) 
-----------------------------------------------------------
          plc_st         0  (        0 /        0 )  0.00
        plc_star         0  (        0 /        0 )  0.00
        drc_bufs         0  (        0 /        0 )  0.00
        drc_fopt         0  (        0 /        0 )  0.00
        drc_bufb         0  (        0 /        0 )  0.00
      simple_buf         0  (        0 /        0 )  0.00
             dup         0  (        0 /        0 )  0.00
       crit_dnsz         0  (        0 /        0 )  0.00
       crit_upsz         0  (        0 /        0 )  0.00


           Trick     Calls     Accepts   Attempts    Time(secs) 
-----------------------------------------------------------
          plc_st         0  (        0 /        0 )  0.00
        plc_star         0  (        0 /        0 )  0.00
        drc_bufs         0  (        0 /        0 )  0.00
        drc_fopt         0  (        0 /        0 )  0.00
        drc_bufb         0  (        0 /        0 )  0.00
             dup         0  (        0 /        0 )  0.00
       crit_dnsz         0  (        0 /        0 )  0.00
       crit_upsz         0  (        0 /        0 )  0.00

==================================
Stage : incr_opt 
==================================
  =================
   Message Summary
  =================
---------------------------------------------------------------------------
|   Id   |  Sev  |Count|                   Message Text                   |
---------------------------------------------------------------------------
|CFM-1   |Info   |    1|Wrote dofile.                                     |
|CFM-5   |Info   |    1|Wrote formal verification information.            |
|PA-7    |Info   |    4|Resetting power analysis results.                 |
|        |       |     |All computed switching activities are removed.    |
|POPT-51 |Info   |    2|Could not declone clock-gating instances.         |
|        |       |     |The design should have 2 or more clock-gating     |
|        |       |     | instances for decloning.                         |
|SYNTH-5 |Info   |    1|Done mapping.                                     |
|SYNTH-7 |Info   |    1|Incrementally optimizing.                         |
|SYNTH-33|Warning|    1|The selected flow setting will be removed in a    |
|        |       |     | future release.                                  |
|        |       |     |Contact Cadence support to understand current     |
|        |       |     | flows.                                           |
---------------------------------------------------------------------------
Info    : Done incrementally optimizing. [SYNTH-8]
        : Done incrementally optimizing 'aer_tx16_trad_rowcol_fovea_cluster2_steal_buf_polarity'.
      flow.cputime  flow.realtime  timing.setup.tns  timing.setup.wns  snapshot
UM:*                                                                   syn_opt
@file(genus_4.0.tcl) 18: report_area   > $OUT_DIR/aer_tx16_trad_rowcol_fovea_cluster2_steal_buf_polarity_4.0_area.rpt
@file(genus_4.0.tcl) 19: report_timing > $OUT_DIR/aer_tx16_trad_rowcol_fovea_cluster2_steal_buf_polarity_4.0_gtiming.rpt
@file(genus_4.0.tcl) 20: report_power  > $OUT_DIR/aer_tx16_trad_rowcol_fovea_cluster2_steal_buf_polarity_4.0_gpower.rpt
Info    : Joules engine is used. [RPT-16]
        : Joules engine is being used for the command report_power.
Info   : ACTP-0001 [ACTPInfo] Activity propagation started for stim#0 netlist
       : aer_tx16_trad_rowcol_fovea_cluster2_steal_buf_polarity
Info   : ACTP-0009 [ACTPInfo] Activity Propagation Progress Report :   0%   1%   2%   3%   4%   5%   6%   7%   8%   9%  10%  11%  12%  13%  14%  15%  16%  17%  18%  19%  20%  21%  22%  23%  24%  25%  26%  27%  28%  29%  30%  31%  32%  33%  34%  35%  36%  37%  38%  39%  40%  41%  42%  43%  44%  45%  46%  47%  48%  49%  50%  51%  52%  53%  54%  55%  56%  57%  58%  59%  60%  61%  62%  63%  64%  65%  66%  67%  68%  69%  70%  71%  72%  73%  74%  75%  76%  77%  78%  79%  80%  81%  82%  83%  84%  85%  86%  87%  88%  89%  90%  91%  92%  93%  94%  95%  96%  97%  98%  99% 100%
Info   : ACTP-0001 Activity propagation ended for stim#0
Info   : PWRA-0001 [PwrInfo] compute_power effective options 
       : -mode : vectorless
       : -skip_propagation : 1
       : -frequency_scaling_factor : 1.0
       : -use_clock_freq : stim
       : -stim :/stim#0
       : -fromGenus : 1
Info   : ACTP-0001 Timing initialization started
Info   : ACTP-0001 Timing initialization ended
Info   : PWRA-0002 [PwrInfo] Skipping activity propagation due to -skip_ap
       : option....
Warning: PWRA-0302 [PwrWarn] Frequency scaling is not applicable for vectorless
       : flow. Ignoring frequency scaling.
Warning: PWRA-0304 [PwrWarn] -stim option is not applicable with vectorless mode
       : of power analysis, ignored this option.
Info   : PWRA-0002 Started 'vectorless' power computation.
Info   : PWRA-0009 [PwrInfo] Power Computation Progress Report :   0%   1%   2%   3%   4%   5%   6%   7%   8%   9%  10%  11%  12%  13%  14%  15%  16%  17%  18%  19%  20%  21%  22%  23%  24%  25%  26%  27%  28%  29%  30%  31%  32%  33%  34%  35%  36%  37%  38%  39%  40%  41%  42%  43%  44%  45%  46%  47%  48%  49%  50%  51%  52%  53%  54%  55%  56%  57%  58%  59%  60%  61%  62%  63%  64%  65%  66%  67%  68%  69%  70%  71%  72%  73%  74%  75%  76%  77%  78%  79%  80%  81%  82%  83%  84%  85%  86%  87%  88%  89%  90%  91%  92%  93%  94%  95%  96%  97%  98%  99% 100%
Info   : PWRA-0002 Finished power computation.
Info   : PWRA-0007 [PwrInfo] Completed successfully.
       : Info=6, Warn=2, Error=0, Fatal=0
Output file: syn/pnr/resynth_steal_buf_polarity/aer_tx16_trad_rowcol_fovea_cluster2_steal_buf_polarity_4.0_gpower.rpt
@file(genus_4.0.tcl) 22: write_hdl > $OUT_DIR/aer_tx16_trad_rowcol_fovea_cluster2_steal_buf_polarity_4.0_netlist.v
@file(genus_4.0.tcl) 23: write_sdc > $OUT_DIR/aer_tx16_trad_rowcol_fovea_cluster2_steal_buf_polarity_4.0_out.sdc
Finished SDC export (command execution time mm:ss (real) = 00:00).
@file(genus_4.0.tcl) 24: exit

Lic Summary:
[09:11:36.453475] Cdslmd servers: snu
[09:11:36.977776] Feature usage summary:
[09:11:36.977777] Genus_Synthesis

Normal exit.